site,h8,h4,h39,h46,h19,h75,h87,h112,mAb,m1,m2,m3,
1,7.61E-16,0,0.121380857,0.187145801,0,3.04E-15,0,0,0,0.38158213,0,1.52E-15,
2,0,0.570906364,0.534404931,0.06575519,0,0,0,0,0,0.014203365,0,0.065755034,
3,2.32679691,0.155139557,1.181887513,2.262131283,0,4.894439756,0,0.691478129,0.546559074,2.092384978,1.66763446,0.822323713,
4,0,2.316352705,0.315632458,0.472002913,0.341447032,0.010523974,0,2.776908138,0.112419058,0.994547193,3.305770999,2.067897384,
5,1.959396327,0.196402625,1.128274062,0.830429749,0.237555667,5.731150429,0,3.320049955,1.05308169,3.316797333,3.557300116,2.155361591,
6,1.485008906,0.348969012,0.959030549,0.814294698,0.215434531,0.664993523,0,0,0,0.341902881,1.015358272,0.31856836,
7,0.701210956,1.098077729,0,2.229391766,2.912314475,1.36407108,4.113936241,1.525562814,1.027002385,1.377941184,3.338657953,2.831637817,
8,0.990869911,3.554497683,1.245571064,2.771033593,0.283841028,0.124390026,1.486086278,0.094920048,0.95670791,1.302127963,0.866683655,0.366023049,
9,0.427889508,4.1370418,0.949871988,1.587270373,0.327393923,1.08881665,0,0,1.119967604,0.864113666,2.356128644,0.412292747,
10,0.860578064,1.099968443,1.083195406,1.076966155,0.086906749,0.436266413,0,1.054975221,0.507034666,0.187008686,0.436851609,0.210724031,
11,2.442734362,0.517618356,0.481505837,1.103067873,0,1.226961327,0,0.131573832,0.252847867,1.29085665,0.624219246,0.133906046,
12,0.823120405,1.282299942,0.441546468,1.643945393,0.271136162,2.908817469,0.525473419,0.872002303,0.565964163,2.212164239,1.872827262,2.859446906,
13,2.089446247,2.509817329,2.049118142,4.010923394,0,0.666885212,0.678375958,0,1.934231052,0.922921945,0.771148672,0.837347304,
14,2.111188087,1.928035333,0.40499115,2.110863984,0.242742764,1.020733437,4.939888503,0,0.554923791,1.736249314,1.6642218,0,
15,4.079809939,2.485013234,2.625643589,4.65642989,0.252952359,2.322615805,0.627815235,1.212337495,1.337015023,2.762831655,3.701094959,3.672510924,
16,0.851519766,0.141944366,0,0.034597188,3.454110175,3.923804147,0,3.05379033,1.92177225,1.927449375,1.128319829,1.955305947,
17,1.873147277,2.817802629,2.591717074,3.107937772,0.852925017,0.023705635,0,0,1.236508817,1.814492864,2.199960505,2.627211204,
18,1.82290973,2.571459953,2.159585924,1.055505914,1.025802845,1.816478654,0.262787503,2.587285939,0.976896843,3.093478753,1.134770452,2.451008958,
19,2.113607138,2.015390695,0,1.427471479,0,0.9253873,2.547565107,0.546402147,1.369612477,1.037270786,1.325697385,1.386176713,
20,0,1.778739308,0.062890174,1.330457124,0.140450059,3.308666894,0.882158296,0,0.617968674,1.824833898,3.893662192,1.446131273,
21,1.028775787,2.986809501,0.623823938,1.137159294,1.52095779,1.297258845,0,0.919548402,1.477397208,1.42044521,2.48274846,2.571393249,
22,0,0,0,1.442455127,0.73517593,0.618387327,2.911000634,0.074450858,0.945437984,3.039113891,1.016385015,1.954693606,
23,0.916088161,0.251154873,0,0.764138707,0.815723715,0,2.595740553,0,0.000534004,0.354357721,0.279318818,0.193802258,
24,0.655304857,2.799324776,0.211794598,2.340685278,0,2.376123166,0.628710712,1.441797725,1.05554178,1.005050356,1.796246924,1.216030628,
25,3.958556596,1.269921074,0.73479332,2.073151131,0,0.705695336,2.372852396,0.722573296,0.065638262,0.864188468,0.774462339,0.74225148,
26,0.29366467,2.494497335,0.919335318,0.792843214,2.232698858,1.042886237,2.069899866,2.728503542,0.818237299,0.89946639,1.217671116,0.654665658,
27,0,0,0.087270746,0.131466452,0,0,0,0,0,1.056455517,0.90113029,0.352117121,
28,1.96019995,1.527639502,0.433411098,0.215016359,0,0.839001781,0,0.42236705,2.232332547,0.503371711,1.503291876,1.953898276,
29,0.921251643,0.363942438,0.478672713,0.826757496,0.021006941,0,0.387692955,0.983714279,0.592879867,0,0.348980108,0.634007385,
30,0.000677781,2.935113608,0,0.188671584,0,0.106447245,0,0.694479829,0,0.580503944,0.147002524,0.668346112,
31,1.860421013,0.403892551,0,0,0,0.848684607,0,0,0.396211566,0.476070526,0.599591814,0.905495674,
32,0.49279373,0.31574213,1.006430525,0,0.735188743,0,0,0,0.026941077,0.257567843,0,0,
33,7.61E-16,1.52E-15,7.61E-16,0.065780752,3.04E-15,1.52E-15,0,3.04E-15,2.28E-15,0.131571568,4.56E-15,0.646676623,
34,0.065739507,1.004697029,0.039295515,1.214541605,0.131718009,0,0,0,0.065739505,0.021910219,0.263018645,0.23524487,
35,0.121356007,0,0,0,0,3.04E-15,6.09E-15,0,0,0.381604338,0.121355968,0,
36,0.131508251,0.500108263,0.768605883,1.06828473,0,0,0,0,0,0.883567065,0.447242881,0.227525928,
37,0.121344015,0,0.371355468,0.329101085,0,0,0,0,0.06574488,0.065745434,0.065747993,0.197251356,
38,0,0.121381166,0,0,0,3.04E-15,6.09E-15,0,0.065769069,0.065878846,0,0,
39,0.376222894,1.8191609,0,3.136443861,0,0,0,0,0,0.670640824,0.315712103,1.018555241,
40,3.320551296,0.552553533,0.379076022,0.545940288,0,0,0,0,0,0.598636008,0.195353213,0.412189397,
41,0.065749947,1.032154095,0.058995696,0,0,0,0.486016189,0,1.198489884,0.751747715,0.672214506,0.7377456,
42,0,0,0,0.192598152,0.131623564,0,0,0,0.481624225,0,0.294002278,0.218046485,
43,0,0,0,0,0,0,0,0,0,0.12139405,0.280528756,0,
44,1.420271462,0.808466624,0.27646007,0.592433284,0,0,0,0,0.269827965,0.065621813,0.106019536,1.007944642,
45,0.702910294,0.845515284,0.13922419,0.42309836,1.293812436,0.403373125,0,0,0.960771894,0,1.194005068,0.360491267,
46,2.305033042,2.393228036,1.153916592,3.750316521,0,0,0,1.643310505,0.616115335,0.831113339,0.465752106,0.638156752,
47,1.550770585,0.255810598,0.730332032,0.068372288,1.437699759,3.045663931,4.448142132,1.466055393,0.660806003,2.046781381,0.812692378,3.763659421,
48,0,5.200322488,0.986865236,1.82735562,2.140369192,2.350262033,0.951675596,1.858035889,0.284130681,1.173078976,1.481483159,1.435145121,
49,0.550383658,0.395992071,0,0,0,0,0,0.632902319,0.437227226,0.099178814,0.225446297,0.613114066,
50,1.148670479,0.162491652,0,0.350112926,0,0,0,0,0.729716484,0.567033859,0.424807795,0.250683936,
51,1.49143585,1.696989579,0.156712212,1.468354077,2.193391566,1.102414927,3.450639417,0,2.094338453,2.034254909,1.523057459,1.535089295,
52,0.552781977,8.096414015,1.785479294,3.906165074,0.573055719,0,0,0,0.909498062,0.28436282,1.410953929,1.777408343,
53,0.437242319,0.608647923,0,0.500206851,0,0,0,0.131995108,0,0,1.19E-05,0.065756723,
54,1.111176386,3.461707463,0.656282541,0.542326078,0.523567175,0,0,0,0.707395553,0.065713553,0.158909182,0.53717498,
55,3.428262405,3.178981143,0.763650552,2.578462695,0.568921668,0,0,0.691325762,0.438670688,1.274032021,0.602161804,1.776470403,
56,0.626033236,0.54643906,0.169507786,0.110403211,0,0,0,0,0,0.284369171,0.466461737,0.608414965,
57,0.995934439,3.670364341,0,2.805479429,0.339000114,0,0,0,0.229625477,0.929175156,0.479854388,0.235159098,
58,0.522695845,0.751062427,0.371165644,2.692980637,0,1.273478155,0,0,0.001778477,0.621888346,2.388739641,0.486708987,
59,0.759836609,0.652558517,0,0,0,0,0,0.340323136,0.065739595,0.065739231,0.18709706,0.121338383,
60,0.747071168,0.759161525,0.108791425,0.446364807,0.459611519,0,0,0.087716494,1.547343754,0.758812831,0.963159458,0.194149979,
61,1.40890458,0,0,0.669397051,0,0,0,0,0,0.284262017,0.121267549,0.197022271,
62,3.465388209,2.952684866,1.888886666,0.729874621,1.34986593,1.49776069,1.573337476,1.132635896,0.886660492,0.992970352,1.349967992,1.106423791,
63,0,0,0,0.121352229,0,0,0,0,0,0.121351304,0,0,
64,0.277548506,0.00076321,1.216250089,0.371355973,0,0,0,0.428029436,0,0.001019082,0.065713713,0,
65,1.656334808,0.683242411,0.860470767,1.168994512,0,2.009343866,0,1.70152736,0.406402746,2.270856715,0.770558462,2.180153126,
66,0,0,0,0.065744904,3.04E-15,6.09E-15,0,0.243363692,0.065758484,0.131486073,0.405720786,0,
67,0.333873169,0,1.298582482,0.651011214,0,0,0,0,0,0.550065241,0.548478699,0,
68,0.131509623,1.01653174,0,0.169514794,0,0,0.679028953,0,0,0.594020438,0.131508793,0,
69,0.882696946,0.217079786,0.629139675,0.442014461,0.397958202,0.747406005,0,0,0.182396858,0.45558294,0.604318173,0.866967065,
70,0.416855069,0.481614018,0,0.065750188,0,0.176591784,0,0,0,0,0.665996704,0.270743408,
71,0.514429986,0,0.169513725,0.79553459,0,0,0,0,0,0.425515042,0.14855085,0,
72,1.463201921,0.095237303,0.12086742,0,0.567172809,0,0,0.127245074,0.712522548,1.167163854,0.964469814,0,
73,0.315928216,0,0,0.065789527,0,0,0,0,0.065782807,7.61E-16,3.04E-15,2.28E-15,
74,1.376265022,0.946047216,0.370350545,4.779428217,0,0,0,0,0,1.176804677,0.408164774,0.180978646,
75,0.804366861,0.101571892,0,3.54E-05,0,0.131512571,0,0,0.284373878,0,0.620183599,0.322979494,
76,0.12132051,0.876503315,0.121299783,0.290175141,0,0,0.678944983,0,0.421071885,0.533692171,1.035309714,0.856732212,
77,0.295499103,1.463086383,1.578608073,1.084283037,0.500498755,1.037033939,0,0.349542711,0,0,1.434540834,0.121341698,
78,0.872607987,0,0,0.8924913,0,0,0,0,0.407397245,1.425605952,1.115331839,0.590188612,
79,3.334692198,0.464787417,0.612467292,0.845758288,0,0.714301586,0,0,0.051408501,0.065743413,0.452568274,0.073506353,
80,0,0.485412658,0,1.123017439,0,0,6.09E-15,0.131745385,0,0,0.350167769,0.065754732,
81,0.568622514,0.169508572,0.486014796,0.675731704,0,0.242833873,1.139674684,0,0,0.176037108,0.203573053,0.615830595,
82,0.216713254,0,1.805140754,1.389504459,0,0.242782695,0,0,0.265776801,0.096039448,0.232475508,0.447366329,
83,0.169513565,1.289428257,0.937761684,0.06575138,0,0,0,0.340423025,0,0,0.318623148,0.083596333,
84,0.317787672,0.441035778,0.042498838,0.283678943,0.422947884,0.50033192,3.71733426,0.541319717,0.370468246,0.23382824,0.225331896,0.878687564,
85,0,0.553579751,1.578979698,1.822755821,0,0.309010758,0,0.633112552,0,0,0.964109562,0.121344184,
86,0.481497389,0,0.205929964,0.597435935,0,0,0.67864563,0,0.655694952,0.464581468,1.500159426,0.794012028,
87,1.320071688,0.315742808,0.249984776,0,0,0.242807843,0,0.08107957,0,0.180732782,0.787665922,0.772238668,
88,0.065753322,0,0.065753017,0,1.52E-15,0,0,0,0,0.356634597,0.557251223,0.065753021,
89,0.114117265,0.658478224,0,1.307824397,3.04E-15,0,0,3.04E-15,0,0,0.12135339,0,
90,0.114402122,0.991994094,0.469623961,0.065734374,0,0,0,0,0,0.065741086,0.499708464,0.226663897,
91,0,0.495406779,0.18709484,0.399060573,0,1.122193969,0,0,0.121330674,0.45426525,0.469488192,0.714594007,
92,0.211990981,0,0.169510464,0.121346662,0,1.002812386,0,0,0,0,0.43281418,0.106960583,
93,0,0.21204094,0.08576181,0.015568624,3.04E-15,0,0,0.501232419,0.517885194,0.169517382,0,0.065756416,
94,0.371338502,0.805435512,0.957008359,0,0,1.179582318,0,1.048585174,2.240881628,0,0.773960405,1.175533058,
95,0,0.065758126,0,0.252925146,0,0,0,3.04E-15,0,0.25298961,0,0.634450448,
96,1.155197655,0.622089708,1.498136807,0.56580942,0,0,0,0,0,0,0.639312785,0.249991184,
97,0.330713771,0.249982608,0,1.090527369,0,0,0,0.242967062,0,0.074997074,0,0.718529771,
98,0.065750025,0,0,0.121349769,0,0,0,0,0,0,0.527806529,0.315786412,
99,1.127550115,0,0,0.187108131,0,0.339542595,0,0,0,0,0.169515541,0.121352233,
100,0.746675861,1.041160458,0,0.131514681,0,0,0,0,0,0.624393681,0.329127241,0.13151149,
101,0.485155998,3.672636769,0.209843324,0.458593214,0,0,0,0,0,0.918153656,0.668215564,0.589128299,
102,1.705558894,0.677694555,0.12134743,0.517660342,0,0,6.09E-15,0,0,1.576574305,0.23216255,0.171491063,
103,0.249966873,0.169680617,0,0.795408337,1.092699523,0.424358924,1.487961272,0,4.06E-05,0.298440958,0.752044049,1.272698119,
104,0.028700437,0.069031418,1.818011634,0,0,0,0,0.131581421,0,0,0.065749347,0.144546137,
105,0.539471487,1.223268058,0.065744914,0.083176618,0,0,0,0,0,1.35365559,0.883412378,1.032898583,
106,0.448868629,0.828955486,2.07693516,1.430172397,2.117862244,0.456434546,2.434011329,1.038145582,2.756189437,2.331364775,2.487502528,3.317088234,
107,0,0,0,0,0,0,0,0,0.065757802,0.131547889,0.165438907,0,
108,0.35812301,1.503284212,0,0.355048459,0,0,0,0,0,0.498563346,0.131502601,0.424877826,
109,0.190318303,1.148756477,0.3439252,1.568583101,1.244940918,1.893757443,0,0,2.028042134,3.068262792,1.40960579,1.89586591,
110,0.344796744,0.242768291,1.387666988,1.891289968,0,0,0,0,0,0.656066413,0.853299074,0.44740035,
111,0.06573179,0,0.065731973,0,0,0,0,0,0.06573181,0.284356561,0.190026844,0.423781766,
112,2.43942555,0.449672753,0.330067555,1.613720934,1.489508624,4.135257333,5.477541207,2.01852781,2.651549342,1.797124982,4.934261203,3.32011579,
113,0,1.141305727,0.548096007,1.273941434,0,0,0.142375109,2.103065291,1.399200286,0.838775526,1.0981108,1.865328067,
114,0.311596999,2.506637053,0.235194251,0.901380546,0.691419355,1.573725308,2.342359884,1.301727683,0.824743359,0.046625254,2.432580301,3.610614177,
115,1.006004262,0,0,0.263095162,0,0,6.09E-15,0,0.121366144,0.065761534,0.065766095,0,
116,0,0.287191665,0,0,0,0,0,0,0.06575454,0.462112153,0.20764542,0.381548883,
117,0,0,0.412145996,0,0,1.090912663,0,0,0,0.646640335,0.204379761,0.788108563,
118,0,0,0,0.412227734,0,0.245177948,0,0,1.174071669,0,0,0.169629486,
119,0.646203306,0.297244596,0,1.111085422,0,0.026082114,0,0,0,0.89097544,0.375152392,1.294650897,
120,0,0,0,0,0,1.52E-15,0,0,0,0,0.065756066,0,
121,0.982564585,1.097270447,0.01437304,0.896162005,0,0.33899901,0.678066745,0.503058429,0.453064041,0.282881155,1.492927571,1.466692404,
122,1.011995334,0.982772528,0.412800084,0.249709013,0,0,6.09E-15,3.04E-15,0,0.566030664,0.065758242,0.534825509,
123,0.065779275,0.284492266,0,1.52E-15,6.09E-15,1.671662922,6.09E-15,0,0,0.550748735,1.862131995,0,
124,1.722774588,1.373871339,2.306295564,1.520764771,0,1.507346255,0.847797756,0.115486662,0.688994648,0.512757064,2.456023555,1.59363146,
125,0.595050096,0.608653212,0.973420905,0.169588341,0,0,0,0,0.595082898,0.065792953,1.52E-15,0.212069327,
126,1.14034284,0.315838363,0.478112338,0.541071541,0,0,0,0,0.31585079,0.252928838,0,0.065758239,
127,0,0.250043532,0,0.212015092,0,0,0,0,0,0.169517698,0.333392947,0,
128,0.427860699,0.603430778,0.000728096,1.071476877,0,0,0,0.637460951,0,0.80261353,0,0.277727414,
129,1.323213106,1.591299004,0.249987949,0.687483898,0,0,0.485927507,0,0,0.169504245,0,0.169505954,
130,0.131012962,0.579831047,0.0641896,0.242267637,0,0,0,1.868133488,0.60638412,0.543005645,0.827027072,0.098902544,
131,0,0.121373392,0.169551592,0,0,0,0,0,0,0.121363061,0.381665525,0.139818078,
132,3.04E-15,0,0.424175664,0.121394946,0,0,0,0,0,7.61E-16,0.34476501,0,
133,0.339067405,0.415965022,0.250016314,0.843766725,0,0,0.635296844,0,0,0.131511132,0.687334443,0.065755211,
134,0.672897805,0.419679756,0,0,0,0,0,0,0,0.212011211,0,0,
135,0.212012492,0.755138152,0.55132168,0.065756214,0,0.703968603,0,0.101237667,0.755842325,0.065756992,0.651360884,0.169526221,
136,0,0,0.065756807,0.622977627,0,0,0,0,0,0.121356141,0.065756375,0.556794872,
137,0,0,0.371482453,0,0,0,0,0,0,0.187216795,0.065775862,0,
138,1.256207889,0.065715695,0,0.065731571,0,0.548822214,0.678048046,0.143770266,0.989627116,2.147033805,0.210318756,0.644217802,
139,0.307980816,2.545546886,1.501362871,1.686197133,0.627161122,1.256185295,0.920501492,1.321440239,0.349317202,0.746127439,1.041792566,2.462379584,
140,0.334013537,0,0.065756241,0.681075081,0,0,0,0,0.06575642,0.229022957,0.204084607,0.009821966,
141,0.998675021,0.524591549,0.014322207,0.667922332,0,0.889364631,0,0,0,0.651243704,0.646131608,0.928633573,
142,0,0.277703171,0.121464057,0,0,1.416848204,0,0,0.252285693,0,0.474460096,0.252183967,
143,0,0.315673011,2.916346222,1.915417802,1.334934232,3.397782183,0,2.066901449,0.976612531,1.401859978,0.390437896,1.411620769,
144,2.577543467,0.185571534,0,0.065739911,0,0,2.51003913,0,0.187098619,0,0.421810318,0.169505319,
145,0.924900705,0.991761008,0.517289252,1.605939289,0.247826442,0.978080967,0.415397549,1.057709113,0.611951596,1.898491361,2.67942662,2.566326895,
146,0.18717238,0.065781926,0.235353801,0,0,0,6.09E-15,0,0,0.308562579,0.169591332,1.52E-15,
147,0.06575474,0.653545734,0,0.284392549,1.52E-15,0,0,0.424639479,0,0,0,0.315779614,
148,0.347408006,0.002022904,0,1.724500359,0.210811957,0,6.09E-15,0,0.315749729,0.571474056,0.334960959,0.065743876,
149,0.235269201,0.373598584,0.050065506,0.211992614,0,0,0,0.563899312,0.441414546,0,0.121347478,0.551057401,
150,0.437438881,0,0,1.808769166,0.520941644,0.329881723,0,0,0.211909067,0.587172418,0.187056147,0.348799265,
151,0.371313607,1.054774915,1.460007706,0.169471475,0,0,0,0,0.066349125,1.281249835,0.582497152,0.169502159,
152,0.930983756,0,0,0.252872193,0,0.612647686,6.09E-15,0,0,0.19307093,0,0.68226185,
153,0.249999395,1.303880219,0,0.541975289,0,0,0,0,0,0.500283497,0.55065985,0,
154,1.446407594,0.284195152,0.276647772,0.070951662,1.609844319,1.733555474,0,1.76613793,1.702656877,0.134814136,1.367991825,0.487620444,
155,0.011149483,0,1.656929438,0.721707746,0,0,0,0,0,1.507437947,0.495561339,0.392622693,
156,0.442785505,1.301400452,1.385157751,1.091984912,0.211603862,0.693814266,0.270346813,0.574827245,0.00020041,1.42113462,1.126481672,1.413562699,
157,2.880113339,3.15016376,1.840402198,0.504407611,0.273911057,1.872610841,0.63147892,0.735919555,0.348291773,1.330522712,1.8071137,0.70146454,
158,0.373443795,0.344609873,0.8201632,0.065737073,0,0,0,0.260475211,0.284356119,0.551526828,0.091897612,0.403533191,
159,0.315791116,0.679539933,1.04834071,0.827139811,0.13151498,0,0,0,1.426144393,0,0.226886795,0.121354687,
160,0.061378773,0,0,0,1.52E-15,0.764185076,6.09E-15,0,0.288351279,0.33339475,0.121355167,0,
161,0,0,0,0.962456549,0,0,0,0,0.580893473,0.065757825,0.68745835,0.169538477,
162,0,2.781207593,0.059283442,0.341205516,2.308895691,0.131400825,0.997192263,0.635259863,0.455489019,0.548960512,0.304928272,0.303989893,
163,0,0.100194238,0,0.416985684,0,0.045370773,0,0.131513174,0.169502948,0.13149108,0.12134151,0.503983952,
164,0,0,0,0.977115998,0,0.743770504,0,0,0.211990899,0.574834904,0.42688396,0.239493599,
165,0,0.211942666,1.162394412,0.682823536,0,0,0.523730571,0.632017203,1.056859448,0,1.094218471,0.770157097,
166,0.180088593,0.316425052,1.736922077,1.523911528,0.515710815,1.186159602,0.170291608,0.362631746,0.9888708,4.618793224,0.608512459,0.768186687,
167,0,1.214840515,0.065733787,0.844786436,0,0,0,0,0.474972666,0,0.114668072,0.25868579,
168,0.315889547,0.250100358,0.437351508,0,0,0,0,0,0,0.06579502,0.308585987,7.61E-16,
169,0,0.315887979,0.31588594,0.784877258,3.04E-15,0,6.09E-15,3.04E-15,1.343821626,0.065778301,0.252955629,0.381685968,
170,0.073822009,0,1.037296703,0.455741842,0,0,0,0,0,0.211993845,0.697428391,0.235809707,
171,0.121349468,1.185605028,0.410499095,0.333353535,0,0.50074198,0,0.214483167,0,0,0.654899051,0.738373037,
172,0,0.275135463,0,0.065744645,0,0,6.09E-15,0,0,0.449078071,0.296262781,0.439323615,
173,1.00994837,1.177771699,0,1.362163804,0,0,0,0,0.19818385,0.51755906,0.944724677,0,
174,0.074067151,1.017018654,0,1.155095489,0,0,0,0.319208179,0.703426313,0.993559105,0.386853991,0.773935095,
175,0,0.352451468,0.169500259,0.422595512,0,0.569205228,0,0.131516466,0.99980542,0.824762946,0.985461132,1.369641924,
176,0,0.842004687,0.383136943,1.66662732,0,0,6.09E-15,1.409880735,0,0,0.82081565,0.360454521,
177,0.985253542,0.065772879,0,1.237229072,1.466314334,0.794347158,0,0.131364645,1.202850006,2.278459349,2.608262037,1.230753653,
178,0.454761509,0,0.462233906,0.065755885,0,0.242998804,0,0,0,0.065756716,0.464965574,0.250022885,
179,0,0,1.009518935,1.234543488,0.69005665,0,0,0.1314941,0,0,0.187112931,0.949175304,
180,0.065781532,0,1.52E-15,1.52E-15,3.04E-15,0,6.09E-15,0,0.065782219,0,0,0.16957684,
181,0.2407761,0.717157572,0.002237724,1.11984746,0,0.131281843,0,0,0,0,0.242365903,0.516672652,
182,0,0,0,0.121412445,0,3.04E-15,0,0,0,0.212079388,0.06578319,0,
183,0.819053712,0,0.121349401,1.154993715,0,0,0,0,0,0,0.169255233,0.183390593,
184,0.065757979,0,0,0,0,0,0,0,0,0.187205673,0.680878545,0.212041717,
185,0.527318398,0.539451578,0,0,0,0,0,0,2.98E-05,0.121534178,0.25751837,0.000179269,
186,0,0,0,0,0,0,0,0.104448055,0,0,0,0,
187,0,0,0,0,0,0,0,0,0,0.187145568,0.315885352,0,
188,0,0,0,0,0,0,0,0,0,0.395719245,0,0,
189,0,0,0.065755996,0.396980209,0.074681582,0.339039049,0,0,0,0,0.133978076,0,
190,1.920092551,0.689286786,1.268884524,1.50004859,0.758298315,0.460950315,0,0.275634131,0.591884184,0.560067717,0.497407231,0.31163777,
191,0.268900786,0.32389939,0.344606575,0,0,0.568893654,0,1.681703549,0.309649333,0.898093673,0.065746934,0.315715883,
192,0.285437329,0.143822417,0.719602566,0,0,0,0,0,0,0,0.720267725,0.809464393,
193,0,0.338871048,0.315750425,0.496357166,0.584675349,0,0,0,0.913204085,0.122522672,0.412208327,0.187098174,
194,0.879272518,1.453670473,1.17801893,0.067247633,0.314050021,0,1.251772282,0,1.291613928,0.988671478,1.016496026,1.056982371,
195,1.066647422,1.472736744,1.086830613,0.353810464,2.258666865,0.138874585,6.371970533,0.212110047,1.068768876,2.454449127,1.532058153,1.687016964,
196,0.852819332,0.496325584,0.065723828,0.726912188,0,0,0.485383612,0,1.075120473,1.051339223,0.302401741,0.327018892,
197,0.26965902,0.277643343,0.696041165,1.211528613,0.926770406,0.499999158,0.373893505,0.242860904,0.852789218,3.024342655,0.448409584,1.026741767,
198,0.834015416,0,0,0.265835787,0,0,0,0,0.249991369,0.159901177,0.065746361,0.346787141,
199,1.081441565,1.325637278,0,0.800848733,0,0.126844802,0,0.572719204,0.226717771,0,0.569333622,0.21194981,
200,0.131499185,0.730221023,0.290862934,0.703009044,0,0.339530302,0,0,0.500073716,0.759457334,0.186058549,1.033312285,
201,0.036729135,0,0.594877303,0.927991051,0,1.148546272,0,0.242702609,0,0.242672941,0.487696389,1.090542892,
202,0,0,0,0,0,0,0,0,0.250061678,0.366882098,0.53648209,0.589227217,
203,0.33338972,0.356631894,0.335312881,0.646797462,0,0.690235526,6.09E-15,0,0.80118023,0.976348252,0.213689403,0.587316988,
204,0.218855989,0.680667247,0.019181238,0.464243501,0,0.567635014,2.1765932,0,0.388288111,0,0.15373591,0.048830566,
205,1.237757061,1.210446426,0.120859734,0.099798776,0,0,0,0.24626888,0,0.457863467,1.953246592,1.171627339,
206,0,0.080598553,0.211382223,0.780093815,0.430049034,0.675245772,0.809368113,0,0,0.262990861,0,0,
207,0.189997396,1.106617082,0,0.114814305,0,0,0.840575741,0.354927834,0,0.47110025,0.546639573,0.193599328,
208,4.263232175,1.665188524,1.229202771,3.484261668,0.2427789,0,0.678341693,0,0,0.43274849,0.187092177,0.498288139,
209,1.231559492,2.691879692,1.047096845,0.075399203,1.626736013,1.978932199,0,0.499450845,0,1.23442711,0.720324091,3.321601708,
210,1.436149434,1.823651954,0.662980369,1.035956811,0.242709148,0,0,0,1.320577354,0.841975698,0.024246466,0.873703371,
211,0,0.129540541,0.08953104,0,0.933862435,0.951729209,0.18418979,0.921629771,0.582370217,1.120731439,1.276614843,5.152277694,
212,1.047411653,2.337719161,0.571441208,0.411132367,3.327948203,0.737234279,2.511279947,1.972227019,1.553442345,4.125285988,3.936693174,2.388939661,
213,1.365739886,1.39677016,0.000262642,0.716084404,2.22921902,3.441741704,7.916595128,1.405911765,0.9942088,2.633993947,2.569959179,2.511788054,
214,0.93658522,0.17327267,0.657960789,0,0.568846361,0.378038245,0,0.796592217,0,0.441258002,0.900336836,0.065631935,
215,0,0.283228025,0,0,0,0,0,0.606916127,0.211984464,0.211992904,1.098663994,0.31734505,
216,1.003097078,0,0.121326445,0.617467467,0,0,0,0,1.146691769,0.235229056,1.872940124,0.703450081,
217,0.13150035,0,0,0.447426302,0,1.125543281,0,0.562959031,0.337201952,0.461999133,0.684863781,0.297402746,
218,0.048746074,0.441713241,1.329757219,2.290855788,0,1.375579694,0,0.181740001,0.748144808,1.525435951,0.760191025,1.271900194,
219,0,0,0.065744238,0,0,0,6.09E-15,0.556920383,0.017876282,0.065745041,0.2352568,0.01434758,
220,0.338517339,1.140476469,0.565678318,0.959914463,1.475149546,1.973141136,0.052138801,1.389370792,1.993263282,1.576805844,2.62591769,2.34708161,
221,12.16280334,3.165603142,0,5.233692977,0,3.275222834,4.735668997,1.277675186,0.779637725,1.175026253,2.732150515,3.066487818,
222,2.535151289,0.124536763,0.168861041,0.677992085,0.189819116,0.447119278,8.118306813,0.34389423,1.59863972,0.724171619,1.43780294,0.58825761,
223,1.953604523,0,0,0.057272576,0,0,0,0,0.636352182,0,0.426566951,0.788248234,
224,0.521970556,0.328391875,0.3583871,1.029131745,0,0,0,0,0,0,0.464855894,0.550821521,
225,22.65378926,2.092222237,0.483116378,0.384060089,2.702528551,1.484272221,0.677508808,0.999175571,1.52961063,2.045862114,2.732438489,3.990119271,
226,0,0,0,0.250073108,0,0,6.09E-15,0,0.169517563,0,0.065755828,0,
227,31.10957005,0.516461014,0.798218388,0.40629613,5.35217416,1.839198627,1.804895902,1.075341125,46.98479177,2.242402939,2.796170679,3.796490861,
228,2.077271554,1.273512394,1.353362072,0.277757732,0,0.776097139,0,0,13.97776876,0.638790224,0.733664029,1.78881844,
229,3.63857166,1.387298788,0.211930416,0.98692415,0.961979716,0.762383258,0,0.651165027,7.424430024,2.649835052,0.686887273,1.424356236,
230,21.68759287,0,1.690083135,0.124967921,0,1.953015206,6.081993055,2.729550452,6.614714386,2.892459301,1.834513328,2.310896945,
231,0.597579023,2.638775138,0.237667696,1.693811767,3.088651512,2.701546364,1.066484724,0.447651398,2.955686321,2.073831291,1.640261664,2.113699545,
232,3.662766507,2.325583807,1.292816909,1.122478373,0.503801718,0.692179291,0.049605619,0.789846964,0,1.34585887,1.369373265,3.632648407,
233,0,1.568516508,0.541564832,1.198349559,0.687467305,1.628622367,0.788001399,1.479067202,1.67320015,1.403586153,0.40879175,2.738810922,
234,0.611931761,0,0.203260604,0.711437018,0.322479842,0.423674572,3.323265473,0.960907584,0,0.513342522,0.953024802,3.055987478,
235,0.211342194,0,0,0,1.169774274,0,0,0,0,0,0.053398055,0.099572204,
236,4.252511287,0,0.92751612,1.257096678,0.879753618,0.263883204,1.066826871,2.079953348,0,2.370314808,2.374201599,3.977283807,
237,1.332339936,0.121249412,0.555432948,2.022840568,1.014280483,1.902946169,0,0.931529838,0,1.599174158,1.511452784,1.712034992,
238,0.022854672,0.211996831,0,0.017832389,0,0.242944829,0,0.632938285,0,0,0.121353204,0,
239,5.705567547,0.178063561,0.169286167,2.043315738,0,0.242535598,0,0,4.401871635,0.853982276,0.826912442,1.648561603,
240,0.065709928,0.930119078,0.050995253,0.945330546,1.429820824,0.595240451,2.42245217,0.211966216,1.06899672,1.264240155,0.478102158,0.808240154,
241,0,0.064428448,0.45023492,0,0.944440675,0,0,0.479774309,0.677018428,0.121309961,0.91131154,1.190108866,
242,0.323038451,2.059162813,0.69037658,1.978490564,3.011825086,1.355676137,4.254594739,0.620980546,17.75369492,0.462951479,3.215079443,2.02093878,
243,0.065728325,0,0.763509475,0.169472409,0,0,0,0.276538172,0,0.121317743,0.252846207,0.121306908,
244,1.933313013,1.072673211,0.92439833,1.1911971,0.988273042,1.436233749,0,0.546582361,0.269320909,1.07870501,1.593904531,1.948932819,
245,0.562715199,1.813505781,0.277667417,0.569844024,0,0.964265583,0.791105104,1.06802924,0.481207608,1.19963251,1.779197466,0.654330598,
246,0.073633406,1.377034522,0,0.947558594,0.9651234,0,0,0,1.36467011,0.76025966,0.906236927,0.375508029,
247,0.187064572,0,0,0.235452466,0.47105161,0,0,0,0.169482316,0.519632211,0,0.419491398,
248,0.025543285,1.65616353,0.192809513,0,0,0,0,0,1.117954031,1.297320616,0.345151203,0.675321381,
249,0.065682319,0.639753844,0,0.162152707,0.369408558,0.242556701,0,0.576322834,0,1.043631089,0.206655557,0.453954603,
250,0.003734101,0.860135888,1.404637685,0.144513859,0.702979044,0.504602495,4.582402329,0.131281355,0.519590703,0.175448608,0.933870997,0.911238513,
251,0.065812959,0.736353301,0.065753385,0.371442766,0.396268896,0,6.09E-15,0,0.174069931,0.076423049,0.121352477,0.187110753,
252,0,0,0,0,0,0.506238005,6.09E-15,0,0.169517613,0,0,0,
253,0.67830219,1.166252298,2.416919273,0.066064384,2.234744631,0.520496263,0,1.610604697,0.461982874,0.187059728,0.153560515,0.831879837,
254,0.799588057,0.881162417,1.022179789,0.938675492,0,0,0.849096933,0,0.065665487,0.968194143,0.459064071,1.089068216,
255,0.51033501,0.465886332,0.632571944,0.226700337,0.131470452,0.131457595,0,0,1.204854229,0.61879467,0.386822587,0.77610743,
256,1.52E-15,0.065781044,7.61E-16,1.52E-15,0,0,0,0,0,0,0.950797522,0.656092213,
257,0.065743145,0,0,1.209344302,0,3.04E-15,0.679021809,0,0,0.132130353,0.502874744,0,
258,0.212018445,0.674309324,0,0.639300872,0,0.450997461,0,0,0.131514172,0.92479522,0.187115225,1.04850301,
259,0.065756139,0.014744711,0,0,0,0.925278256,0,0,0.340603608,0.121374933,0.16953021,0.212025259,
260,0,0.371369903,0.022560573,0.083828382,0.424596555,0,0,0,0.110671815,0.101691851,0.350134104,0,
261,1.594526645,0,0.344622816,0.960587765,0,0,0.263025226,0.33970912,0,0.277742389,0.065750104,0.131506894,
262,0.344726833,0,0.635427048,0.823813141,0.103510017,0,0,0,0.732161687,0,0.197271818,0.462111259,
263,0.187104906,0,0.290871701,0,0,0,0,0,0.493126463,0,0.284365922,0.249999814,
264,0,0.212093651,4.56E-15,0.065790121,6.09E-15,0,0,1.52E-15,3.04E-15,0.212092362,0.16961812,0.4957731,
265,0.065747917,0.179617183,0,0.290864259,0.692434774,0,0,0,0.065747883,0,0.065758533,0.27779372,
266,0,0,0,0,0,0,0,0,0,0.764369723,0.492900462,0,
267,0,0.065752424,0.1866786,0,0,0,0,0,0,0,0.419584597,0.249999103,
268,0.01674443,0.916611454,0.006962445,0,0,0.695402539,0,0,0,0.199836782,0.00017259,0.169510921,
269,0.565697673,0.632196619,0.065668263,0.565985416,0,0,0,0,0,1.251327528,0.272438614,0.433170153,
270,0.095846414,0,0.218587522,1.546708447,0.073297211,0.085495428,0,0,0.00069077,0.203333736,0.461201222,1.829288734,
271,0.121289764,0.517584185,0,0,0,0,0,0,0.000211742,0,0.172152595,0.55313393,
272,0.953312186,0.121347578,0.065748268,0,0,0.720185157,0,0.131732768,0,0.187106664,0.235265454,0.360804253,
273,0.121341417,0.665179271,0.06574185,0.464220999,0,0,0,0,0,0.27475533,1.072645015,0.71816514,
274,0.329360422,0.39636036,0.065752708,0.16951536,0,0,0.263110781,0,0,0.121353887,0.92009097,0.235272591,
275,0.287230078,0.527792896,0.212048851,0,0,0,0,0,0,0.547555266,0.13153422,0.284482566,
276,0.823803564,0.369380485,0.075785932,0.1213137,0,0.038211466,0,0.687536713,0,1.126525102,1.958415613,1.087874092,
277,0,0,0,0,0,0,0,0,0.121350848,0.235272453,0.613057938,0.715053894,
278,0.081703614,1.639242774,0.374197008,0.019354542,0.719494917,0.308867333,1.897704336,0.690168905,0,0.919020741,0.503999416,0.775601463,
279,0,0,0,0.066816348,0,0,6.09E-15,0,0,0.925218616,0.739526638,0.197427164,
280,0.681170953,0,0,0.065755772,0,0,0,0,0.381611625,0.065758186,0.166409812,0,
281,0.065624636,0.065643126,0.44126235,0,0,0,0,0,0.065624707,0.121235681,0.065665691,0.169399428,
282,0,0.700426128,0.333500964,0.121419502,0,3.04E-15,0,3.04E-15,1.52E-15,1.52E-15,0.339173309,0.121407309,
283,1.226647599,0.065850788,0.000835938,0.121248883,0,0.638860758,1.967792067,0.543831624,0,0.408522662,0.318822404,0.576999913,
284,0.894927276,0.868993812,0.054025815,0.31567905,0,0,3.317414784,0,0,0,0.92374111,0.344952078,
285,2.453635364,2.102233705,0.666620963,2.19253632,0,1.443960234,0,0.021518203,1.006382908,1.323692195,1.562403578,1.449322428,
286,0.12135557,0.26846698,0,0,0,0.131575951,0,0,0,0.065757201,0.419652999,0.252893018,
287,0,0,1.255195407,0,0.717482789,0,0,0,0.750318437,0.355170601,0.410453227,0.344743291,
288,0.46487157,0.555286363,1.440337148,0,0.712906918,0.695548605,0,0.082460179,2.435425684,3.12876028,0.909034581,2.079593214,
289,2.45197303,2.581903689,0.551870858,1.663497389,0.274824327,0.621978059,0,0,0.345195704,0.752351732,0.519928105,0.466867354,
290,0.559372983,0.000365287,0,0.343306051,0,1.542573148,0.262879026,0.289835391,1.069077327,1.470870036,0.800814278,0.807159237,
291,0,0,0.065814832,0.07223171,1.139884262,0,0,0,0,0.207343398,0.880094061,0.242851179,
292,0.173785138,1.038630146,0.121329791,0,0,0,0,0,0,0.372241857,0.502865258,0.065740899,
293,0.290929978,0.065756122,0.072547296,0,0,0.806262932,0,0,0.121355326,0.250039307,0.263069419,0.253685975,
294,0.292005401,1.428628424,0.68550026,0.189898377,0.342827345,0.772657805,3.312952131,0.130797213,0,0.000317428,0.769652754,0.98572392,
295,1.131898204,0,0,1.982289349,0,0.424373149,0,0,0,2.03E-05,1.198145054,0.661982164,
296,0.141699271,0.429034367,0,0.670550062,0,0.242857864,0,0,0,0.436686253,0,0,
297,0.211998853,0,0.065754336,0.315855441,0,0.424475622,0,0,0.939822498,0.250052524,0.252872882,0.481774469,
298,0.625214506,1.600198883,0.371282633,0.826052818,0.64039528,0.2110562,0,1.608851639,0.371880994,0.896733707,1.691913562,2.269167253,
299,0.3027972,0.642818541,1.195824344,0.816728145,0,1.489542082,2.6448095,1.55099866,0.47354012,0.167527865,2.318550615,3.741711336,
300,0,0.486009638,0.344627577,0,6.09E-15,3.04E-15,0,6.09E-15,0.226411945,0.333347946,0.976617599,0.650105822,
301,0.298159086,2.560007228,0.115134902,0,0,1.259315518,0,0.174149026,0.193842469,0.178154978,0.528112441,0.30786765,
302,0.388245873,0.315720489,1.614252856,1.332375436,0,0,0,0,0.212240777,0.087044182,0.652045518,0.805702432,
303,0,0.13418485,0.397447108,1.527222287,0.030172508,1.650847958,2.807525977,1.054138507,0.568612173,0.518991437,0.197960856,0.750839637,
304,0.036262875,0.343674194,0.284126168,0.677913485,0.988038225,0.77044671,2.893851545,0.227806594,0.664819569,1.34386078,1.372898775,0.64118682,
305,0,0.815813048,0,0.146582415,0,0.704163863,0,0,0.502783787,0.887879226,0.121341087,0,
306,0.778231608,0,0.065732752,0.249978812,0,0.212848067,0,0.504761479,0.494110987,0.235030148,0.61216221,0,
307,0.242545189,0,0.065707794,0.350091876,0,0.773909212,0.532264433,0,2.169751043,0,0.704885996,0.788238512,
308,1.50920563,0.995464237,0.002123698,0.453721295,0,1.036892888,0,0.790974037,0.37963735,0.04318326,0.291352167,0.412931301,
309,3.994813078,4.424999336,4.55573498,5.269293948,0,0.88384132,1.380704699,0.218068018,0.424746384,0.214005292,3.043086086,1.590491451,
310,1.069888939,0.453872795,0,0.065735444,0,0.242884805,0,0,0,0.788103968,0.256417815,0.121351914,
311,0.735631986,0.211998372,0,0.065754722,0,0.131648929,6.09E-15,0,0,0.277853249,0.7467427,0.381557906,
312,0.121300543,0.001626187,0.284322392,0.44135479,0,0.547828474,0,0.706692154,0.37777509,0.211988016,0.363937352,0.277727049,
313,0,0.180803604,0,0,0,0,0,0,0.121355382,0.437228757,0,0.976012165,
314,2.008912906,1.819338017,0.19395415,0.189136302,0,0.214442888,0,0.688007266,0.18682458,1.501418758,1.090675935,0.121290429,
315,1.002722993,0.464537967,0.065690145,2.057454702,0,0,1.636583929,0,0.000788012,0.588605279,0.197243669,0.211978845,
316,0.34447336,0.816889572,0.121237567,0.122217121,0.510241613,0.145884244,0,0.033625939,2.383948296,0.000312653,0.157826547,0.680393245,
317,0,0,0,0.21431003,0.33976725,0.131708958,0,0,0,0.065754753,0.16951504,0.879413311,
318,0.025458848,0.897232958,1.104125487,0.187108152,0,0,0,0,0.580810609,0.863819093,0.784742805,0.959099814,
319,0.076137453,0,0,0,0,0,6.09E-15,0,0.363185088,0.371335395,0.242693043,0.344604322,
320,4.086414183,3.067948799,3.083851654,2.42661641,2.471328916,3.226780716,1.625993091,2.540645332,1.93614212,3.125715706,1.845852265,1.205966442,
321,0,1.433087419,0,0.188093676,0.037777373,0,0,0.599402494,0.131511316,0.811329759,1.849035653,0.437133922,
322,0,0.315762011,0,0.66992297,0,0,0,0.131629732,0.211996072,0.94032113,0,0,
323,0,0,0,0,0.570141265,0,6.09E-15,0,0,0.61149447,0,0,
324,0.028208568,0.44937278,0.112882661,1.514854823,0,0,0,0.606520992,0,0,1.195675599,0,
325,0.344313289,0.554233668,0.065756941,0.25292434,0,0.131716001,0,0.131796615,0,0.187178377,0,0,
326,0,0,0,0,3.04E-15,0.131721808,0,0,0,0.131517149,0.187125938,0.496561935,
327,0.344695842,0,0.492784744,0.131511951,0,0,0,0,0,0.121355612,0.06575404,0.207176847,
328,0.46967907,0.935428014,0,0.870022131,0,0,0,0,0,0,0.262234729,0,
329,0.100280793,0.065745709,0.419516141,0,0,0,0,0,0.705178802,0.248207882,0.324805636,0.726614532,
330,1.343920355,2.929427341,1.676584171,2.754873818,2.168259157,1.499216547,3.98941813,0.906777964,0.031519375,0.874366658,2.793790497,1.609154974,
331,0.983888649,1.904836527,0.60785174,0.928058392,2.969526239,1.905579489,1.56265591,0.872176199,1.632802419,2.312346905,2.056929516,1.530142268,
332,0.065754598,1.10187319,0,0.298598666,0,0,0,0,0,0.023452604,0,0.169515831,
333,0,0,0.132883842,1.066210746,0,0.242972027,0,0,0,0.121354447,0.293882656,0,
334,0,0.424080201,0.315842505,0.562955279,1.52E-15,0,0,0,0,0.454054791,0.277798388,0.187195761,
335,0.065758162,0.918224139,0.121395768,0.409401886,3.04E-15,0,0,3.04E-15,0,0.144878552,0,0.065757887,
336,2.400929151,0.621265109,1.059419145,0,0.833948133,0.691269285,1.80722826,0.18662175,0.006445194,0.144219126,1.183421674,0.457812702,
337,0.926380001,0.442304256,0,0.000319763,0,0,0,0,0,0.293898823,0.065757308,0,
338,0.863785502,0.31705152,0.316876755,0.004177493,0,0.375954591,0,1.211182367,1.531328566,0.654910707,0.457577618,0.596886088,
339,0.286201635,0.680958178,0.169533549,0.138780577,0,1.000154157,0,0,0.64338128,0.613050959,1.088175425,1.127720629,
340,0.583621827,0,0,0.12139994,0,0,0,0,0.0657565,0.065804094,0.747940406,0.121355294,
341,0,0,0.121355366,0,0,0,0,0,0.022480549,0.187188376,0.381603139,0,
342,0,0.35892671,0,0,0,0,0,0,0,0.187109503,0.065755105,0.06575302,
343,0.452508567,1.610861093,0.188479016,0.362798174,0,0,0.263007434,0,0.435680989,0,0,0.235286511,
344,0.121353872,0,0,0.758353376,0,0,0,0.21807037,0,0,0,0,
345,1.126739258,0.776732171,0,0,0,0.000306853,1.681706173,0,0,0.121355,0.852369799,0.131514742,
346,0.565925014,0.121348424,0,0,0,0,2.142955844,0,0.608519242,0.065750082,0.056260337,0,
347,0,0,0,0.121382474,0.339657919,0.339499808,0,0,0.419764768,0.06576993,0.131536113,0.06757211,
348,0.065757822,0.235323211,0,0,0,0,0,0,0.169552501,0.121406235,0,0.163589791,
349,0,0.565914311,0.065754743,0,0,0,0,0,0,0,0.263031506,0.396330701,
350,0,0,0.212082569,0.611234474,0,0,0,0,0.065779195,0.065780532,0.131564983,0,
351,0.065756616,1.144448425,0,0,3.04E-15,0,6.09E-15,1.52E-15,0,0.466119412,0.131516092,0,
352,0.872152584,0,0.065751082,0,3.04E-15,3.04E-15,0,0,0.065750989,0.065752094,0.419555552,0,
353,0,0.837527083,0.169517496,0,0,0,0,0.339811354,0.065755984,0.405806449,0,0,
354,0,0,0,0,0,0,0,0,0.776504546,0,0,0.06575813,
355,0.065694912,0,0,0,0,0,0,0,0.711116271,0,0.085371678,0,
356,1.347888703,0,0,0.187092074,0,0,0,0.60744049,0,0.065743475,0.415871436,0.460083432,
357,0,0.121337001,0.400371504,0.941743755,0,0,6.09E-15,0,0.065737417,0,0.065743852,0.283774835,
358,0,0.187142588,0,0.252931022,0.243581819,3.04E-15,0,0,0,0.212047891,0.187145602,0.065758136,
359,1.52E-15,0.12139729,0.065778553,1.52E-15,0.131576593,0,0,0.632944997,1.22779761,0,2.28E-15,0.121395159,
360,0,0,0,0,0.24320036,0,0,0,0,0,0.211994938,0.145129912,
361,0,0.371549012,0.344860698,0.065787561,3.04E-15,3.04E-15,0,0,3.04E-15,7.61E-16,0.930347133,0.284513613,
362,1.816464667,1.789603265,0.151955813,0.617644243,0,0,0,0,2.135747192,3.639975761,0.733245071,2.467355078,
363,0.065745716,0,0,0,0,0.632642881,0,0,0,1.343049554,0.395340861,0.557283824,
364,0.863462481,0,0,0,0,0.4246437,0,0,0,0.755280018,0.27775494,0.687319747,
365,0.444517018,0.369309783,0.384312474,0.780300162,0,1.328556111,0,0.68923842,1.143390835,1.068966585,1.18953474,0.462864671,
366,0.261363041,0.405723694,0,0,0,0,0,0,0,0.768067623,0.561065278,0.343619755,
367,0.106882356,0.138554205,0.738405126,2.705957843,0.530923588,0.174745739,0.677953167,0,0.986208041,0.418050071,0.843161552,0,
368,0.461872079,0,0.065739017,0.065738515,0,0,0,0,0.722061242,0.498311529,0,0.065739043,
369,1.638415533,1.131871508,0.235253637,0.08431076,0.63373933,0,0,0,0.608233694,0.404854455,0.300986914,0.537303966,
370,0,0.333407035,0,0.065749046,0,0.131512787,0,0,0,0.885634178,1.091570326,0,
371,1.144509389,1.146599983,0.134763531,1.027630924,0,0,0,0,0.843913905,0.720975731,1.123572002,1.911780508,
372,0.723347133,1.774293438,0.555894518,1.38317361,0,0,0.327419362,1.229447067,1.046943104,1.068361442,0.827742672,0.35275,
373,0.341152483,1.689923247,0,1.07390138,0.312413332,0.361120113,0,0.976778044,0.353940723,2.738219446,2.304221598,1.915454452,
374,0.599236403,0,0,0,0,0,0,0,0,0,0.268545016,0.121343542,
375,0,0,0.396258661,0.371354605,0,0,0,0,0.28437121,0.535444133,0.984516208,0.274359114,
376,0.065596881,0,0.419395799,0.371469287,0.919631256,0,0,0,0,0,0.121227501,0,
377,0,3.348976638,0.801111857,0.187105401,0,0,0,0.243130921,0,0.381513349,0.121347819,0,
378,0,0,1.182329846,1.39406694,0,0.915396302,0,0.242910007,0,0.124246095,0.131510435,0.781725339,
379,0,1.143218186,0.80798789,1.691111506,0.069530152,0.807149248,0,0.361510971,1.399870294,0.350655434,0.737132669,0.811750758,
380,0.065755625,0,0.712463503,0,0,0,0,0,0,0.551207676,0.399164274,0.121354133,
381,0,1.552355095,0,0.177171058,0,0.131588733,0,0,0,0.16950412,0.222530367,0.531735403,
382,0,0,0.462104208,0,0,0,0,3.04E-15,0.065753868,0.011958631,0.303895879,0,
383,0.85195716,1.248125147,0,0.876387607,1.496903242,0,0,0,0,0,0.517409302,0.315745758,
384,0.683769846,0.681909107,0.080287184,0.460381554,0,0.193545801,0,0,0.065741273,0.137253043,0.366695181,0.121341432,
385,1.370300187,0,0,0,0,0,0,0.161312883,0.347766167,0.521945687,1.072117369,0.559338366,
386,0.468714475,0.041987153,0,0.13149134,0.617278312,0.131513174,0,0,0.702125644,0.131493529,0,2.663448602,
387,0,0,0.719067657,0.929861882,0,0,0,0.037293265,0,0.169471875,0.229921575,0.065593165,
388,2.379846279,1.009117166,0.444779714,0.396042433,2.787074836,2.69227291,0,1.677248467,2.085526849,2.042486916,1.859811272,2.70881029,
389,0.121355361,0.169517477,0,1.027922414,3.04E-15,0,0,3.04E-15,0,0,0.187123023,0.250040739,
390,0.000165153,1.130794533,2.801174678,1.515360372,0,1.89482439,1.603181872,1.705497919,1.489676568,0.913580684,1.496363874,3.533862141,
391,0.845646718,0.152977938,0,0.40332509,2.468144058,0.920272669,2.052882048,2.811625649,6.426856168,0.057444019,1.353834485,1.704648593,
392,0,0.827251628,0.065730796,0.037661415,0.048929783,0.087641774,0,0.797725156,17.51364291,0.183843848,0.899393806,1.045459116,
393,2.985717003,0.794908394,0.76293317,1.091696381,0.684496648,2.295804447,0.550434348,0.857246435,18.61492612,1.79292685,2.679766476,4.299756439,
394,0.533789197,0.003387521,0,0.065219014,0,0,0,0,0.120773965,0.543469872,0.731447033,0.249372343,
395,1.731545459,0.17075137,0.07289955,0.397702745,0,0.407185478,0,0.348522334,5.361488564,0.597102188,0.412369913,0.088741081,
396,0.971218597,0.746582433,0.603355279,0.499340856,0.467864721,0.766499182,0,0.246816288,15.01217456,1.364625399,0.622942482,2.228117401,
397,0,0,0,0.580597677,0,0,0,0,0,0.290867443,0.06574553,0.219815862,
398,0.121366298,1.539493562,0.065754841,0.154907924,0,0,6.09E-15,0.1315139,0,0.173900835,0.19727277,0.680855103,
399,0.645206522,0,0,0,1.725970161,0,4.479747225,0,0.947488786,0.960596127,0.272826011,0.119537095,
400,0.179722807,0.065756552,0.066597869,0.319658963,0.242927983,0,0,0,0.844968815,0.27778541,0,0.621461088,
401,0.186939147,2.027815712,2.158486056,1.34483022,3.97340095,2.564471212,2.547664197,2.04289592,4.40152271,3.160877148,3.137222745,4.398754332,
402,0.838183776,1.885896563,0,0.49996098,1.077438069,1.16765842,2.97174163,0,0.698268941,0.190627791,0.46128142,0.687192537,
403,0.381417774,2.93191634,1.966224133,2.344578976,0.529831649,0.908225149,0,0.301094753,0.737666386,0.223643816,0.783849564,3.245786153,
404,0.758240198,0,0.276913784,0.904113967,0.632479093,0,0,0,0.621382116,0.237841611,0.241883801,0.131481712,
405,0,0,0.95990352,0.082555584,0,0,0,0,0.044483138,0,1.017877657,1.378902882,
406,0.031452528,0,0.291521467,0.350075054,0,0,0,0,0.4856373,0.001531894,0.69388898,0.123227153,
407,0.381419844,0.940168654,0,0.000808358,0,0.464932649,0,0.599382142,0,0.858841205,0.439976437,0.787255243,
408,1.268477983,1.330815537,0.689264086,1.035332896,0,2.066213791,0.485297927,1.147569152,9.67E-05,1.188289959,0.85152807,2.832842558,
409,1.653942895,0.610772466,1.579478329,1.283394604,0.566742127,0.395174882,0.866613795,1.721503102,0.822867704,0.946948612,0.860204863,1.01484153,
410,1.119870021,1.383343858,1.183611539,2.176385545,2.652945514,3.592163035,0.485125661,1.424939177,0.839983864,1.500325841,2.423166928,1.200797471,
411,0.121187108,0.448583661,1.844148588,2.163907654,0.186985661,1.035121954,0,2.813560009,1.024018604,2.531848244,2.066512159,1.087603765,
412,0.328683019,1.360234572,0.037844557,0.470996364,0,0.969881504,0,0.131368509,1.707437388,1.074031888,0.983546256,0.616762397,
413,0.56517665,1.229679406,0.858837259,0.104231541,0.962647403,1.848553713,0,3.041576275,2.164986876,1.92157542,1.964736953,1.539391888,
414,0,1.06859612,0.784734465,1.152504658,0.635765089,0.632234334,6.09E-15,0,0.289043913,1.900852548,0.523755114,0.51848605,
415,0.946430289,0.969264349,0,0.461997161,0,0.883979033,0,0.925853212,0.066696429,0.426018712,0.801527251,0.599332,
416,0.120120009,1.980427908,0.121349544,1.314474168,1.109032583,0,0,0,0.290536244,0.657866589,0.514441842,0.467558714,
417,0,2.115327975,1.171878908,0.364877169,0,1.373093612,0,0.056768606,0,0.205360596,0.878627079,0,
418,1.61513879,0.12130966,0.701207601,0.79981866,0.262445755,1.323686536,6.236153566,0.555228574,0.065690631,1.50301598,1.535545263,1.292792837,
419,1.374263064,0.290816688,2.450119845,0.739922487,0.849351933,0,0,0.131496159,0.315751663,0.721470958,0.518847604,1.026562127,
420,1.164460954,2.848977933,1.156293005,2.199164167,0.374431498,0,3.431156918,2.284398213,0.645791631,0.121316861,1.530218861,0.292832384,
421,0,0.508352724,0.419513769,0,0,0.160904312,2.393713735,0.085206977,0,0.627130806,0.104490605,0.121341796,
422,0,0.389751183,0,0.562934011,0,0,0,0,0.284438639,0.430239933,0.470673129,0,
423,2.115359491,9.060338633,2.121927362,0.839605247,0.26234324,2.357230565,3.995271915,1.898128214,0,2.126845986,1.180304801,1.021692472,
424,0.953062129,1.219037242,1.15564142,2.200822501,1.34495032,2.73054812,2.539672405,2.804989005,1.704705812,2.034901741,1.0285978,3.335098191,
425,1.523875851,0,2.286716296,0.798180066,0.888838625,2.892946313,5.75467121,0.78152522,0.239067963,2.375404784,2.993768536,1.978670332,
426,1.563819008,1.64540348,0.326967234,0.873601592,0,0.126161349,0,0.687198158,1.334833943,0.82933494,2.026293653,2.366436924,
427,0,0.475609935,0.121338338,0.210664853,0.185502437,0,0,0.543245692,0.379400065,0.470873676,0.597398734,0.616269227,
428,0.221022419,0.763192657,1.581669638,1.434167004,0.827529033,1.977958459,5.267335584,0.77196926,0.626887598,0.552777272,0.996448438,0.363613652,
429,0,0.000216756,0.377965762,0.053186183,1.89105888,0,0,5.83E-05,0,0.558700209,0.660312793,1.035911603,
430,0,0.517777176,0.462170077,0.183439482,0,0,0,0,0,0,0.594917518,0.121351913,
431,0.121377021,0.065758284,0.065757922,0.768204045,0,0,0,0,0,0.121391068,0.197296514,0,
432,1.438842196,1.713060597,0,1.413935705,0.588088749,1.363228556,0,0.933215867,0.87184262,1.057838922,0.779698208,0.216444763,
433,0,0.315943769,7.61E-16,0.252980964,0,0,0,0,3.04E-15,0.687717429,0.350266088,0.065781369,
434,0,0.211996388,0.746626075,0.121352371,0,0,0,0.569975891,0,0.343565258,0.593591307,0.12135167,
435,0.84735956,1.877872782,3.96E-05,1.074451299,0,0.075479591,0,1.373001976,0.665956595,0.849918099,0.147852583,0.26241612,
436,0.602899775,0.284367602,0,0.065744699,0,0.5693495,0,0.131516473,0.843854504,0.671850369,1.49475296,0.453906363,
437,0.481486715,0.131233795,0.121314022,0.409859822,0.460340046,0.339006149,0,0,0.15342426,0.15103628,0.580821735,0.321103401,
438,0,0,0,0.131510845,0.801093607,0,0,0,0,0.059798345,0.065755397,0.371509579,
439,0.786301495,0.925807997,0.540982292,0.413333044,0,0.840655202,0,0.875943499,0,0.608625183,0.500188882,0.082554004,
440,0.604322729,0.121342301,0.441383511,0.235888159,0.907386531,0,0,0.145087877,0,0.754826874,0.418551444,0.186729892,
441,0,0,0.750812764,0.315909188,0,0,0,0,0,0,0,0,
442,0,0.333354939,0,0,0,0,0,0,0,0.396411021,0.356647198,0.290872099,
443,0,0,1.030777938,0.596523661,0,0,0,0,0.0657492,0.070273351,0.197338285,0,
444,0,0.121371183,0,0,0,0.569715768,6.09E-15,0,0,0,0.250111429,0.121362221,
445,0,4.93E-05,0,0.065740588,0,0,6.09E-15,0,0,0.797795056,0.412223331,0.3157555,
446,0.930575894,0.016534325,0.121307279,0.007075426,0.339755237,0.397912861,0,0,0.497300129,0,0.143344461,0.525938556,
447,0.610949506,1.872086563,0.725179044,0,0,0,0,0.480001348,1.681021058,0.632788423,1.184517838,0.916074999,
448,0.284359841,0.988999578,0,0.918556298,0.424770939,0.965175547,0,0.425498164,0,0.171476545,0.333348301,1.108752179,
449,0,0,0,0.169508529,0,0.500541458,6.09E-15,0.242927217,0,0.121347738,0.485275286,0,
450,0,0.169517732,0.16951768,0.879485156,0.131622319,0,0,0,0,0,0.33340041,0,
451,2.309379277,0,0,0.171985524,0,1.003663459,0,0.829033118,0.421757026,0.35949386,0.374201187,0,
452,1.121675816,1.523667769,0.121344403,0,0,0,0,0,1.323021281,1.425412292,0.813242689,0.434729979,
453,1.266163177,0.464682208,0.847372545,0.000261785,0,0.371281486,0,0.131469764,0.001877702,0.340010313,0.783778871,0.381149934,
454,0.065758032,0.658570235,0.18716771,0.131525536,0,0,0,0,0.121363639,0.06576164,0.503071996,0.242780719,
455,0,1.009764591,0.204390149,0,0,0.759534743,0,0,0.396215246,0.003819004,0,0.065732417,
456,0.546777957,0.237129733,0,0.49982428,0,0.568930163,3.695840197,0,0.895344255,0.121322288,0.625209056,1.524169451,
457,0,0,0.121352722,0,0,0,0,0.475906804,0,0.065752636,0,0.065752041,
458,0,0.456144675,1.000953022,0,1.076471954,0,0,0.262951525,0.739158573,1.261690553,0.372769415,1.205500994,
459,0.634380282,0.407511526,0.065719463,0.290740382,0,0,0,0,0,0,1.065426422,0.065736731,
460,0.922701104,0,0.16951544,0.131511438,0,0.131505896,0,0,0.589241178,0.277801571,0.609640727,0.065754088,
461,0,0,0.121353006,0.211997899,0,0,0,0,0,0.250064088,0,0.290873656,
462,0,0.712916451,0,3.070674084,0,0,0,0,0.47965877,0.284368825,1.771700069,0.249988738,
463,0,0.527901668,0,0.180432051,0,0.161540297,0,0.131605029,0,0.263078323,1.112716913,0.867782466,
464,0.211186509,1.766308435,0,0.636007383,0,0,0.26338546,1.10711504,0.517584896,0.249983123,0.262984644,0.496363976,
465,0.429288724,0,0,0.25276463,0,0.131615522,0,0.628165984,0.197395362,0.902020225,0.235254653,0.121437995,
466,0,0.266156535,0,0,0,0,0,0,0,0,0,0.1695435,
467,0.169501555,1.190522408,0.829152278,0.176167325,0,0,0,0,1.103540799,0.065739537,1.094787541,0.73152632,
468,0.121403137,1.52E-15,0,1.52E-15,3.04E-15,3.04E-15,0,0,0,0.7168772,7.61E-16,0.424177586,
469,0.065750524,0,0.121351855,0.187105718,0.24279598,0.131507328,0,0,0,0.16951223,0.187106427,0.277750065,
470,0,0,0,0.017106092,3.04E-15,0,0,6.09E-15,0,0.25006269,0.433930645,0.25010307,
471,0.065730144,0,0.371342367,1.202280363,0,0,0,0,0.594786268,0.473554275,0.69532324,0.195965307,
472,0,0.249999952,0,1.277631678,0,0.500607383,0,1.64541339,0,0.065755034,0,0.065754076,
473,3.2226839,0.258684309,1.299855803,1.670073563,0.584311714,1.169768006,0,17.1094956,1.382639813,1.690689636,1.478572897,0.954460154,
474,0,0,0.419273909,0.502873906,0,0.883942776,0,0,0.065749004,0.065751708,0.291219672,0.419607508,
475,0.222990861,0.753088908,0.621281452,0.158221544,0.844564567,3.140965864,4.707420711,7.216247753,3.13590568,1.608814329,1.781076988,2.814667152,
476,0.491442001,0.149148083,0.207713188,0.416439422,0.458718073,2.779088182,3.891307352,9.578047325,1.708805675,0.486803389,1.401563651,1.403842454,
477,0,0.065756097,0.065756191,0.4196684,0,0,0,0,0.065756202,0.858153362,0,0,
478,0.591660763,0,0,0.237890544,1.099260886,0.590426006,0.678038965,1.088674642,1.255768919,0.867014554,0.843120387,0.431451054,
479,0.200546604,0,0,0.030574227,0,0.389975404,0,0,0.315746211,0,0.784878677,0,
480,0,0.290852436,0.669641546,0.065729519,0,0,0,0,0.564804505,0.69490867,0.420652282,0.109211963,
481,0.250114516,0,7.61E-16,3.04E-15,0,0,0,0.243118299,0.344841371,0,4.56E-15,0.212079392,
482,0.284463755,0.266880691,0.065757291,0,0,0,0,0.501211117,0,0,0.065756084,0.06665493,
483,0.527763708,0.419856974,0.73298344,0,0,1.422264414,0,0,0,0.300910347,1.223010581,0.360593735,
484,0.99513094,0,0.436649462,0,0,0,0,0,0.06575171,0,0.179658637,0.169517082,
485,0.065783034,0.065779646,0,1.422551419,0,0.339377065,0,0,7.61E-16,0.517913961,0.169589907,0.608602126,
486,0.568588715,0.47868298,0.070883322,0.786705047,0.769802612,0.839035306,0,0.527332744,0,0.904343015,1.881313209,0.168659487,
487,0.235163345,0.203946227,1.545436379,1.360344446,0.517281272,0,0.678013288,0.859474826,0.807418051,0.065740733,0.364007459,1.330254883,
488,0.50004043,0,0,0.750521611,0,0,0,0,0.183790481,0.065743765,0.905971584,0.419594324,
489,0,0,0.249998039,0,0,0,0,0,0.295871377,0,0.264124939,0.657363444,
490,0.357809878,0,0.691176332,0,0,0.424725406,0,0,0.566895238,0.885647064,0,0.121350808,
491,0.437351804,0,0.212083864,7.61E-16,0,0,0,0,0,0.367041029,0.065783277,7.61E-16,
492,0.922544472,1.649780454,0.471564166,0.937631489,0,0,1.139593217,0,0.149888623,0.17630941,0.065754177,0.250048609,
493,0.187704884,0.939933353,0.187112493,1.3109813,0,0,6.09E-15,0,0,0.12135314,0.396398543,0.527955202,
494,0,0.753192386,0,0.250001988,0,0,0.263380435,0,0,0.169517336,0.308491415,0,
495,0.452274062,2.604224777,0.130489672,0,0,0.09685961,1.139387393,0,0,0,0.439276028,0.221530167,
496,1.099802831,4.109249871,0.514771335,1.790865595,2.168174599,1.632698803,0,0.718520304,0.211710012,1.029716078,0.676642799,0.562637493,
497,0,0.686975236,0,0.594548529,0.795244904,0,0,0,0,0.268753106,0,0.909411648,
498,1.68212219,1.139983027,0.344624309,0.284367955,0,0,0,0,0.121343832,0.462109773,0.274708557,0.187094658,
499,0.655704595,0.108356741,0,0.356871135,0,0.50143792,0,0.302383755,0,0.580863854,0,0.572017639,
500,0,0,0.186981255,0.121290022,0.325033284,1.117190504,0,0.27522097,0.844550064,0,0.501757449,0.288216932,
501,0.065754362,1.199052196,0,0.131511587,0,0,0,0,0.437201886,0.528077546,0.249556164,0.235274238,
502,1.52E-15,0.547590484,1.52E-15,0.065788632,0,0,0,0,0,0.12142279,0,0.1871873,
503,0,0.249988499,0,0,0,0,0,1.885561178,0.842697987,0,0.121345262,0,
504,0.269817764,0,0,0,0,0,0.263129725,0,0,0.045575645,0.323577317,0.504481528,
505,1.620840279,0.854587413,0.186623434,2.320116783,0.770990925,0.924644463,0.164182746,0.408576428,0.920855056,1.171887111,0.971208416,0.487268346,
506,0.396394483,0.065756175,0.48085858,0.235298245,0,0.131653324,0,0,0.500170476,0,0.187740753,0,
507,0,0.376993159,0,0.065752568,0,0,0,0.501110478,0,0.131510466,0.065752591,0.065752345,
508,0,0,0,0.68098749,0,0,0,0.243456787,0,0.065747053,0,0,
509,0.121373426,0,0.859217155,0.065758323,0,0,0,0,0,0.131555175,0.121380407,0.37157594,
510,0.389172828,0.527724493,0.438241729,0.474322786,1.863131763,0.947853383,1.001302262,0.461174658,0.113050145,1.243893195,1.120161686,0.923408867,
511,0.002516635,0.169583546,0.58105526,0.000669226,0.0031763,0.242677039,0,0.691086046,0.065728182,0.774942998,0.065914402,0.020148694,
512,0.42037368,14.11248317,0.121442197,1.238342998,3.063812284,5.869471018,0,0.902494472,1.368004213,0.644815996,1.268406965,0.485235304,
513,1.052586979,2.26703286,0.880284921,1.697393486,0.109353059,1.11977033,12.26924942,1.956655243,2.326164684,2.092584858,4.059069535,4.189480912,
514,0.339496028,0.960229418,0,0.121322198,0.288185838,0.064186679,1.682011712,0.083998128,0.334166336,0.64621801,0.499756772,0,
515,0.603108389,0.065966573,0.245230977,0.588881417,0.407233952,2.205805403,5.464859418,1.815076592,0.054173266,0.06576863,0.50314407,0.877223217,
516,7.61E-16,1.52E-15,0.344886706,3.04E-15,0,0,0,0,0.462291592,0,0,0,
517,0,3.091251745,2.1552559,0.211914607,0,0.456110195,0,0,0,0.85822938,1.611481612,1.205571623,
518,1.66267173,0,0.269387622,2.898710207,0.302336374,1.11052176,1.866406923,0.879650999,1.78571756,1.259896697,0.741844056,0.157571875,
519,1.001461673,0.868382633,0,0.51467883,0,0,0,0.885349132,0.53874169,1.12E-05,0.710668763,0.611100218,
520,0,3.04E-15,0,0.187210552,0,0,6.09E-15,0,0.065788444,0.253005387,7.61E-16,0.121420065,
521,1.138981918,0.066134675,0.223421203,0.001915221,0.304958761,0.663186974,0.900534303,1.054477291,1.457942165,1.547840679,1.457521437,2.256551396,
522,0.485252424,0.780830204,0.088906045,0.06574245,0,0,0,1.137674193,0.017937036,0.236992761,0.467966191,0.621047935,
523,0.169505805,0.415361568,0.507493903,1.383847496,0,1.993358212,0,0.018903538,0,0.264323035,0.197251079,0,
524,0.001037331,4.129613268,0.315656853,0,1.140037814,1.975185563,5.413704112,0.696385208,0.966890178,0.589070016,0.675404015,0.806510799,
525,0,0,0,0.371347509,0.664580531,0.084503516,0,0.107385232,0.186655483,1.150359665,0.907666467,0.623610274,
526,0,0,0.217222079,0.249982408,0,0,0,0.131548959,0,0.34461317,1.529378712,0.924948012,
527,3.04E-15,0.169649194,0,3.04E-15,0,0,6.09E-15,0.583026301,0.121412117,0.514417553,2.28E-15,0.308605882,
528,0.500404593,0,1.52E-15,1.52E-15,3.04E-15,0,0,0,0.065788427,4.56E-15,0.726615443,0,
529,0.808878027,0.178564153,0,0,0.074572915,0,0,0.424737049,0.186507301,0,0.2777349,0,
530,0.626472875,0.731966487,0,0.289716369,0,0.085859856,0,0.159416316,0.286636716,0.113583995,1.123111378,1.034271109,
531,0.455993847,0.35646515,0.070607517,0.14443486,0,0,0,0,0,0.413899163,0.377305184,0,
532,0,0.085977882,0,0.466176808,0,0.335431964,0,0,0.533903881,0.443861879,0.45561701,0.952982414,
533,0.169548827,0.911564383,0.065758083,0.586443373,0,0,6.09E-15,0,0,0.253069228,0.100135027,0,
534,0.371808908,0.001002967,0.06631552,0.197024041,0.846988958,0,0,0.528732182,0.619238734,0.416145013,0.29028098,1.016017122,
535,0.828431257,0.995624796,0.137490703,5.347130169,1.210886908,1.928299859,3.272916732,1.212732773,0.81663281,0.573710522,1.805843031,0.819349265,
536,0.013352372,1.738350514,0.894901973,1.475149754,1.249154136,0.554266432,5.726322278,0.449865304,0,1.677474274,1.030514589,0.319744951,
537,1.14265089,0.13625541,0.829813437,2.389166187,0,2.215372543,0.620520713,2.084602003,0.437278454,0.310197338,1.259528394,1.057990595,
538,0.536390212,0.443439617,0,2.313632057,0.837766739,1.184964057,0,1.137743589,0.414205606,0.31795831,0.824815822,2.432785058,
539,0.877505684,0.297912803,0,0.561434554,0.177442879,0.579354102,2.980801682,0.38249995,1.673430166,0.381264202,1.358419312,1.315097106,
540,0.538836344,0.573951817,0.025264289,0.647271222,0.581340971,0.442023581,2.323329355,0.112483092,0,0,0.669412179,0.664890045,
541,1.631118024,2.43358479,0.308293853,0.211613841,2.069291013,1.975882153,4.894686989,2.260921272,3.615782281,1.780153832,2.79864895,4.388596905,
542,0.284328072,0.489447057,2.282408069,2.118338122,1.214134953,1.775527973,0,5.35E-05,1.209030006,1.300427338,1.11768002,0.313510127,
543,0,0.356187379,0.121334398,0.44392443,0.131738555,0,0,0,0.854454172,0,0.187224986,0.065741865,
544,0.197116552,0.683285702,1.636221941,2.670020455,0.177442836,0.369526984,0,0,0.427498007,0.337211436,1.969732375,1.068920242,
545,0,3.322870996,1.538872136,0.719173465,2.591474262,0.693387587,0.342305275,0.873548048,0,0,0.941373052,0.230787302,
546,1.446703932,1.149449138,0.645165532,1.871167342,0.631615213,0.971834941,0,0.569722839,1.149257711,0.911826765,2.111446518,0.70012478,
547,0,0.419607971,0.315765711,0,0,0,0,0,0,0,0,0,
548,0.066705569,2.006443141,0,2.486395674,0.218671587,0.060438391,0,1.797005287,0.648798892,0.065663563,0.840807993,1.201432239,
549,0,0.77806546,0,0,0,0,0,0,0,0.065755888,0.181460828,0.18096513,
550,0.121348115,0.767625446,0,0,0,0,0.486246614,0.131749897,0,0.311851559,0.121347674,0.534539467,
551,0.065758255,0,0.131530262,0,0,0,0,0,0.169548529,0.06575779,0.06575803,0,
552,0.38754703,0,0,0.371459489,0,0,0,0,0,0,0,0.065753354,
553,0,0,0,0.757528488,0,0.33950015,0,0,0,0,0.197304825,0.642023656,
554,1.104101852,0,0,0.344614355,0,0,0,0,0.244389082,1.428703821,0.283228376,0.016708579,
555,0.235343031,0,0.065758128,0,0,0,0,0,0,0.197344608,0.343673339,0.242771811,
556,0.644449123,1.938648121,0.608465889,0.462982506,0.131657233,0,0.573588679,0.243164295,0,0.128017814,0.125161672,0.042498982,
557,0.169611723,0,0,3.22E-05,0,0,0,0,0,0,0.121410661,0,
558,0.016531479,0.121353391,0,0.331933558,0,0,0,0,0,0.572548625,0.830551645,0.276196032,
559,0,0,0,0.681025717,0,0,0,0,0.785376417,0.065764326,0.065758003,0,
560,0.284344345,0,0.71092226,2.492405612,0,0.148617197,0,0.226989089,1.071271206,0.812590929,1.219795876,0.658814689,
561,0.121232742,0.724432308,1.478723728,3.179731649,0.525789045,0.52464227,1.701660163,0.228404176,2.483560759,2.047405201,1.236245826,1.831417749,
562,0.777957983,0.412269397,0.087828545,1.191156725,0,0.521362841,0,0.315092214,0.284374349,0.262919635,1.051087991,1.278669098,
563,0.884064554,3.896268979,0.383050708,3.607427727,1.053029471,1.622490704,2.384008222,1.276515778,0.432127303,0.805002745,1.735569377,0.837879173,
564,3.132079652,6.287597546,1.891358756,2.480777102,0.707349833,1.619397693,0.939688105,0.692156671,0.831563828,0.668201017,1.553880642,1.285433932,
565,0,1.221714838,0.065758587,0.250077699,0,0,0,0.131702025,0.12137643,0,0.653372363,0.33346256,
566,0,0,0,0,0,0.107051469,0,0.942453452,0,0,0,0,
567,0,0.001555296,1.941630383,0,0.229053212,0.458949643,0,1.485796983,0.259856991,0.807315889,1.730828486,0,
568,0.832680684,1.212935911,0.065336648,0.882836623,0.055301015,0.840260517,0,0.172493988,0,0.799255829,0.762999159,1.289811384,
569,0.630550205,1.330945263,0,0.398783331,0,0.464772209,0,0,0.943444932,0.840900184,0.67191562,0.478731633,
570,0.06575337,0.982907625,0.131509899,0.494612675,0,0,0,0,0,0,0.121353639,0.339061417,
571,0,0,0,0.131510155,0,3.04E-15,0,6.09E-15,0,0.14174067,0,0,
572,0.12876682,0.527646997,1.998434549,0.000490862,3.113287986,2.423607794,4.572049038,0.252557248,3.280206735,3.349812889,2.627867933,2.935235197,
573,0.559599875,1.511583166,0.147499612,0.745784392,2.734173126,2.673580754,5.286915037,0.36556452,2.108125194,3.124544437,3.178187617,1.172484208,
574,0.211583754,1.362452683,0.06540337,0.328369174,0.449163515,0.59382357,0,0.544678682,0.255875242,1.447777905,0.98975278,0.691143024,
575,0,1.914181602,1.357954985,0.752060383,1.401219852,0.266652174,2.372680555,0,1.559119016,2.435745865,1.298097439,3.333471137,
576,0.984916558,0.685911996,1.212271793,0.606936854,1.231258685,1.622411506,1.788370269,1.578628931,4.285981341,2.230029526,1.877132311,3.010456869,
577,1.175620359,2.245881025,0.313102979,0.116252084,1.266508027,0.730704308,1.202632024,1.364141204,0.930699458,0.319234925,1.434424851,2.579682858,
578,0.249818595,0.392599904,0.619403022,1.051959598,1.380852629,3.251083548,3.368981889,0.432547668,1.49948338,0.732746993,2.280384371,0.972256218,
579,0.18149416,1.198168924,2.961993715,1.028325276,1.738296723,3.402385227,1.433731447,0.807596786,0.491936994,1.358300738,3.408203741,2.560835052,
580,0.285234856,0.476180021,1.708982915,2.622653061,2.576710783,0.911239714,3.837233485,2.909601112,0.47051878,1.97367346,3.287067131,2.413157173,
581,0,0.094387657,0.212016103,0.312886655,0.42152323,0.740929547,3.300373779,0,0.225959731,2.068226297,1.524796195,2.262356219,
582,0.921573734,1.181486767,0.067036209,1.315967147,1.345061344,1.173150007,0,0.568603521,0.768896067,0.878919286,1.64688121,1.227249223,
583,1.48184931,2.220397787,0.878498664,1.130771514,2.819962169,1.715027621,1.484701709,2.023329469,0.446972453,0.137719478,0.953415148,1.401920603,
584,0,0,0,0,0,0,0,0,0,0.379406364,0,0,
585,0.107193856,0.672710651,0.121219803,2.857673457,0.004092879,0.194102033,2.651399657,0.544564137,0.626874213,1.144230078,2.198591192,1.192692874,
586,0.284311178,0.422603101,1.606492553,0.069349048,0,0,0,0,0,1.71454243,0.210768401,0.046517887,
587,0,0,0.376459638,0,0,0,0,0,0.309907651,0.302251305,0.089292127,0.299087797,
588,1.479042491,0.275427887,0,0.95764082,0.468040566,1.434132965,10.33832595,3.618648312,0.715158641,2.110018863,1.90539987,0.558047776,
589,2.277704001,1.812908345,0.692850517,0.171264392,0.803648051,3.092581001,2.567910603,1.134441655,4.482713901,1.208377029,1.741209975,0.895879707,
590,0.962083756,0.254309834,0.012374495,0.308367296,0.855391953,0,0.262866166,2.087025288,1.620549994,2.055809617,0.835887416,0.564559926,
591,0.065653383,0.748644461,0,0.980418406,0,2.331814783,0,0.300741002,2.137337669,2.082953282,0.857322754,0.514925582,
592,0,3.551345593,0.316919876,0.902680109,0,0.140087385,0,0,0.829760365,0.648367512,1.193354607,1.201648921,
593,0.268494093,4.443138729,1.29117195,4.550871009,1.759698919,0,0,1.591926536,1.212412551,0.50543709,2.51804774,1.109992407,
594,0.121366542,0.768316146,0,0.381654071,0,0.744199456,0,0,0,0,0.791257436,0.250087136,
595,3.343092162,1.468997574,1.024013277,2.057100738,0.52859094,1.233248932,0,2.268366829,0.065422496,0.053231068,1.119618985,1.412570833,
596,0.868866273,2.103464501,0.652317873,1.468821303,0.691744386,0.611288718,2.156210322,1.357089909,0.695524815,0.638369727,0.711747016,1.573789811,
597,0.498822058,1.066862806,0.797280474,1.84605207,3.907614048,0.841926977,1.935727256,0.854960406,0,1.011872934,1.824736155,0.690914993,
598,0.422397213,0,0,2.37822639,0,0.33957348,0,0,0,0.443329021,0.47150425,0.462722557,
599,0.065753458,0,0,0.527896049,0,0,0,0,0,0.277784919,0.307781723,0.570139123,
600,0,0.785260332,0,0.148355785,1.370961281,0.339130538,0,0.501279925,0.065723214,1.28614685,0.765459377,1.012887165,
601,1.52E-15,7.61E-16,1.52E-15,0,6.09E-15,0,0,3.04E-15,0,0.065798865,1.52E-15,0.169593724,
602,0,0,0.169579008,0,0,0,0,0,0,0,0,0.065757821,
603,0.496373336,0,0.121345417,1.376214757,0,0,0,0,0.73189436,0,0,0.121344898,
604,0.308222007,0.963468032,0,0,0.131497073,0.166244752,0,0.368183459,0.088494629,0.002450206,1.034164277,0.179658129,
605,0,3.04E-15,0,5.40E-05,0,0,0,0,0.13156338,0.649427693,0.121394641,0,
606,0,0.169522071,0,1.150693982,0,0,0,0,0,0.16929716,0.131517372,0.131514112,
607,0,2.28E-15,0.121422438,0.121410904,3.04E-15,0,0,0,0.702321265,0.131578428,0,0,
608,0.339106744,0.594970331,0,0.197275719,0.810577388,0,6.09E-15,0,0,0.065758103,0.396405795,0,
609,0.131514588,0,0.121355097,0,0,0,6.09E-15,0,0,0.141174401,0.065755824,0,
610,0,0,0.160073024,0,0,0,1.749643886,0,0,0,0,0.107761228,
611,0,0.121355963,0.06575711,0.396360341,0,0,0,0,0,0.00964645,0.065753689,0.514285847,
612,0.065742416,0.356528217,0,0,0,0,6.09E-15,0,0,0.000125513,0.065753065,0.319823755,
613,0.88583092,0.813241708,1.498703685,0,0.677217152,0,0,0.523198213,0.757306297,0.26311132,1.06981717,0.728167468,
614,0,0,0.121423093,0.187188406,0,0,0,0,0.065780816,0.065799193,0.242810179,0.169594685,
615,0.22857337,0.776879035,0,0,0,0,6.09E-15,0,0,1.037460022,0.576147276,0.460705452,
616,0.065782863,1.52E-15,0,0,0,0,0,0,0,0.06579096,2.28E-15,0.131564794,
617,0,0.169212137,1.047899545,0,0.423976553,0,0,0.453157937,0.211639682,0,0.319933018,0,
618,0,1.469272799,0,1.122162213,0.139355372,0.631284849,0,0,0.259562399,1.159254446,0.758545643,0.264736086,
619,1.537398122,0,0,0.131510963,0,0,0,0,0.463865921,0,0.269258009,0.496545364,
620,0.065725846,0.368270631,0,0.722608772,0,0,0,0,0.000259637,0,0.065744529,0,
621,0.56622366,7.61E-16,0,0.187198095,0,3.04E-15,0,0,0,7.61E-16,0.065784224,0.291004406,
622,0.33359011,0.39073371,1.073400686,0.836938765,1.194145201,1.450520347,3.008271015,0.726467739,0.449499573,2.510042601,2.933318127,1.159477609,
623,0,0,0,1.16391125,3.04E-15,0,0,0,0,0.812582739,0.187115164,0.84772256,
624,0.547864864,1.225999022,0.100661376,1.597862118,0.091766526,1.095627106,1.786232319,0.815912775,3.099544505,1.305505996,1.721022307,1.483343364,
625,0.28439419,0.611048731,0,0,0,0,0,0,0,0.121353017,0.277756824,0,
626,0.322343228,1.905765788,0,1.510263794,0,1.082535331,2.145675136,0.242621908,3.290309874,0.121246045,1.68462811,1.08238398,
627,1.100464988,0.212086575,2.28E-15,0.41060081,0,3.04E-15,6.09E-15,3.04E-15,1.52E-15,0.517994792,0.187174828,0,
628,0,0.056529297,0.089928351,0.149909443,0.262213804,1.273202695,0,0.629249891,0.201470941,1.195058024,1.259089956,1.352372832,
629,0.250007469,0,0,0.176220148,3.04E-15,0,6.09E-15,0,0.441505854,0.169524051,0.252868377,0.121351488,
630,1.538019954,2.667570566,0.625261566,1.186735073,0,0,0,0.131510946,0.181650444,0.484515698,0.207513827,0.459190305,
631,0,0,0.017994491,0.742986797,3.04E-15,0,6.09E-15,3.04E-15,0,0,0,0,
632,0,0.211995811,0.831169892,0,0,0,0,0,0,0,0.704506007,0.212024259,
633,0.264145845,1.986486371,1.476009501,1.080879297,0.221233285,0.527551273,0,0.716847732,0.43506654,0.529664987,0.665341467,0.792001655,
634,1.09103406,1.65651066,0.699433791,2.743481237,0.47886962,1.092753145,0,0.339299107,0.306036186,1.446059651,0.714398024,1.08549816,
635,0.065783628,0.88207576,0.371554424,0.753276932,0.794750342,0,6.09E-15,0.131900392,0.580206874,0,0.121396381,1.52E-15,
636,0.344820283,1.52E-15,0,0.06578141,3.04E-15,0,0,0,0,4.56E-15,0.065778503,0.169586214,
637,0,0,0.284373429,0.512488532,0,0,0,0,0.911923559,0,0.628049645,0,
638,0.520612697,0,0,0.623709478,0,0.424440972,0,0.471925686,0.430965231,0.250668898,1.085048556,0.485233712,
639,0.235261641,1.553061689,0.284362623,0.089056946,0,0,0,0,0.37133394,0.249993229,0.06574501,0.131482896,
640,0.187189937,0,0.065785936,0,0,0.884749104,0,0,1.52E-15,0.187198278,4.56E-15,0,
641,0,0.249985425,1.102414838,0.065739451,0,0,0,0,0.065739317,0,0.457590027,0,
642,0,0.065754383,0,0,0,0,0,0,0.121349931,0.065749985,0,0,
643,0.730660615,0.121351472,0.63183036,0.121351514,0,0.131546991,0,0,0.24999867,0.344759185,0,0.419670654,
644,0.065749213,0.284374475,0,0.121353884,3.04E-15,0,0,1.52E-15,0,0,0.29497504,0,
645,1.10615917,2.117187209,0.065750865,1.790091755,0,0,0,0,0,1.59334085,1.482817254,0.396870637,
646,0,0,0.21197495,0.169492683,0,0,0,0,0,0,0.193518925,0.96975591,
647,1.647480538,2.106140814,2.669978906,2.7248963,0.495860516,0,2.284962812,0.989051645,1.114794331,1.90907521,0.735173802,0.539617786,
648,3.189186394,0.859775227,3.503561592,0.378368951,0,0.583832572,1.805202703,2.618683953,1.042721548,1.913376405,2.41044551,2.886347666,
649,0.214636505,0.284395232,0,0.250021423,0,0,0,0,0.065753949,0,0.235272801,0.019368733,
650,3.377254476,2.009704333,2.557006329,2.10813109,0.435751785,0.748715929,2.418009679,5.389108627,1.530745575,42.13019811,20.07528646,17.73898146,
651,1.408079746,4.200638119,1.689702919,1.761959573,1.988082331,0.743639707,0,0.716756429,0,2.964078593,3.244341108,1.064107178,
652,2.033615939,3.99677643,3.482227587,1.985292945,1.822735285,1.013327518,2.2144693,1.592407979,4.364776715,5.924455516,5.172120238,4.395323157,
653,0.454649655,1.245158673,0.943706743,1.149680277,0.745921822,1.036836185,0.485841601,0,0.272398905,4.77382762,1.243155947,2.509045504,
654,1.764999368,2.984301373,1.242691871,1.390586087,0,0.354813291,0.485143851,0.883897173,2.570838655,14.72201462,8.329969062,6.046402779,
655,1.39476868,0.195023538,0.393736124,0.680517932,1.809188592,0.919680262,0.261917307,0.378039437,1.957598933,19.01482372,9.61763333,9.417394565,
656,1.967081003,4.018540949,2.866174836,2.490184713,1.901901584,0.096883186,0,1.368992133,0,8.622470518,2.74887365,1.912122786,
657,0,3.491540838,0.333670637,0.540893121,0.185583943,0.342708811,1.187375823,0.996563978,0,0.138437858,0.771273132,0.673560754,
658,1.131296145,0.429708742,0.315733313,0.065723762,0,0,0,0.992288645,0.065720397,0.085021736,0.343482587,0.44609129,
659,0.419517788,2.021561093,0,1.320752511,0,0.972024894,0,0.447546791,0,0.68206837,0.64998648,0.589083591,
660,0.845524984,2.352017887,0.621772141,1.587374104,0.131501059,0,2.44560427,0,0.592212555,1.251551663,1.773792443,0.275818997,
661,2.679768851,5.172799021,1.27628798,2.147131011,0.803531909,4.597461161,1.125599139,0.305654041,0,1.494796157,0.760622294,2.387596532,
662,1.268870708,0,0.1212677,1.262449298,0,1.309652385,0,0,0.962156755,1.471241968,0.736241494,0.207312559,
663,0.119959637,0.490390207,0.209178087,0.991251936,0.822412656,0.917006264,0.201261455,0,0.169386788,0.891282643,2.060028592,0.629979027,
664,0,1.142496236,0.121091319,1.352299549,1.483655437,0.969070514,1.577203672,0.329056948,1.097787132,1.805435809,0.987854664,1.717538647,
665,0.711103677,0.962518595,0.961130489,0.042156158,0.50335453,0,1.086271874,0,0.56714752,0.323063098,0.805749178,1.225449072,
666,1.321972013,5.666958291,1.35102315,1.700872394,0.952748767,1.832020262,0,0.42366709,0,0.203245784,1.325628346,0.535153972,
667,0.962226087,1.670994899,0,0.491705851,0,0.609538926,1.68160153,0,0,0.583035684,0.381540354,0.309513951,
668,0.290807081,1.229679023,0.065656408,2.802319687,0.683078509,0,0,0.282854913,0,0.667676258,0.699421679,0,
669,0,0,0,0,0,0,0,0,0.065758027,0.284487127,0.233325718,0.121380955,
670,0.864045832,0.121346537,0,0,0,0,0,0,0,0.092343411,0.131500428,0,
671,0,0,0,1.386127767,0.104464511,0.424551954,0,0,0.121364663,0.342182015,0.364176739,0.020701608,
672,0.001510341,0.065773968,0.065732003,1.647358773,0,0,1.139264248,1.033033946,0,0.065728327,0.233022148,0.556627102,
673,0,0.058981844,0,0.065757775,0,0,0,0,0,0.595407647,0.450294833,0,
674,0.460292343,0.595710316,0,0.666700247,0,1.32427939,0,0,0,0.779256581,1.227591943,0.701391802,
675,0,0.277872706,0.065780883,0.899893533,0,0.24295256,0,0,0,3.04E-15,0.065785293,0.381709367,
676,0.485173084,3.896045309,0.046210641,4.30577846,0.149604631,0.634874778,0,0.48111418,0.150496863,0.121269917,0.419609016,1.263848692,
677,0,0.987866566,0.211995107,0,0,0,6.09E-15,0,0.396375293,1.173948692,1.025639427,0.488596684,
678,0.791181349,0.441481742,0,0,0,0.841131334,0,0,0,0.462190085,0,0.775614257,
679,0.121353201,0,0.344774876,0.065753674,0,0,0,0.314717397,0.500202692,0.315873911,0.391704741,0,
680,0.714720091,1.66188827,0.421715904,0.254238467,0,0.13149615,0,0.840880479,0.522252746,0.994726155,0.844701889,0.017446222,
681,0.065757705,0,0,0.153498732,0,0,0,0,0.419799794,0.167219609,0.187144787,0,
682,0,0.785913214,0,0.211999204,0,0,0,0,0,0.235279518,0.318336134,0.121353107,
683,0.065745348,0,0.211989383,0.004556836,0,0.569336214,0,0,0.675946772,0.187099173,1.03568599,0.868209386,
684,0.121375743,0.21204528,0,0.187145668,0,0,0.263399016,0,0.503088766,0.846844139,0,0.131525871,
685,0.065783524,0.065782369,1.52E-15,0,0.13170119,0,0,0.243169018,0.065786208,0.131584521,0.121410553,0.187191944,
686,0.608835281,1.517911826,0.293962522,0.294917534,0,0.187548716,0,0.276756269,0.211940149,0.066335804,0.489777477,1.545410117,
687,0.702523695,0,0,0.121365997,0,0,0,0,0.065758,0.121363591,0,0.121365773,
688,0.976041306,0,0.259549941,0,0,0,0,0,0,0,0.187122778,0.121354784,
689,0.12135338,0.550779933,0,0.065754118,0,0,0,0,0,0.568781288,0,0.187110873,
690,0.99658392,0.057746128,0,1.161259531,0,0.375345993,0,0,0.937612959,0,0.211983487,0,
691,1.394176847,0.447795687,0.692254374,2.498939116,0.949537857,0.595620491,0.457788873,0.100833244,0.019794657,0.651108548,0.8436123,0.631099897,
692,0,0.065753877,0.065753781,0,0,0,0,0,0,0.235275579,0.534623721,0.121352947,
693,2.567228223,5.170027292,1.384483495,2.08023913,1.234031685,0.801349137,0.555562856,0.216837201,0,1.018546543,1.782095942,2.027850538,
694,1.104243076,4.548422044,3.814247631,4.406018956,0.590024199,5.29738675,0,1.195848341,0,1.407545524,1.802283187,0.579555124,
695,0.821251046,1.945756458,2.777324518,2.690959955,2.363418206,0.640778715,3.02493254,0.384350027,0.418647707,1.872437132,3.134814553,2.372927142,
696,1.576256098,5.398592231,2.516743482,2.610030888,1.767066904,4.032381075,2.178165507,1.490289479,0.20254711,2.384136665,3.179662306,2.937847672,
697,0.12415358,4.080811007,0.101901448,0.562192479,0,1.438922827,0,0.464828256,1.01997397,0.794008682,1.60693707,0.919242584,
698,0.938115006,2.660770833,2.175677101,0.651890475,0.452644148,3.413389059,0.479211573,0.830202187,1.331759632,4.675413706,3.960150318,3.134225907,
699,0.656446214,5.150854055,1.754438224,6.04364345,1.980645948,2.60092495,0.630380979,1.840569731,0.398640047,3.285227271,1.571769806,4.451039832,
700,2.916492905,2.069475547,6.277313866,4.297941096,1.477899182,1.954052781,1.578875807,2.757135126,0.219795097,2.359148342,2.433421419,1.792774528,
701,1.341381009,8.408873991,4.672178468,6.010811884,1.419802297,2.87986685,0,0.826947479,1.237461948,2.742954578,4.619786429,2.94445895,
702,1.904655987,6.978950445,7.057658251,7.299946431,0.357367467,3.739098453,0.897801938,0.713767249,0.574291806,2.340695678,3.502877626,2.456524039,
703,0,5.457547597,2.581450775,7.434190451,0.884473566,0,0,0.424383711,0.718994189,1.30431784,0.741095202,1.694286382,
704,1.013511231,5.129249289,0.825515832,4.106689805,1.459362547,0.120236007,3.733631936,1.154062465,0.825339592,3.555242319,1.869229364,0.753964384,
705,0.002896832,7.523188979,3.764745192,0,0.470591433,1.906322814,0,0,1.632756757,1.206865207,0.841722209,0.929207154,
706,1.555908953,4.263095093,1.042396319,1.810768453,2.765644055,0.092127336,0,0.325855633,0.285196506,0.785873145,1.832284264,0.987962884,
707,0.789660156,4.170545334,0.049068523,0.512841101,0,0,0,0.131515709,0,0.646650468,0.065733311,1.058373477,
708,0.56820089,1.031651353,0,0.565706754,0,0.242747043,0,0.071912635,0.147925051,0.979564693,0.748306204,1.479933129,
709,0.419703051,0.271980032,0,1.02264219,0,0,0,0.501148036,0.553855031,0.065755719,0.428319868,0.344721376,
710,0,0.653468347,0,0.315842803,0,0,0,0,0,0.541181764,0.065755873,0.491589022,
711,0.315793118,1.140869513,0,0.429100668,0,0.631772042,6.09E-15,0,0.046596521,0.714570018,0.828063438,0.629428006,
712,0.065754084,0,0.065755256,0.437205092,0,0,0,0,0,0,0.065754419,0.479447234,
713,0.669893266,0,0,0.352355004,0.425293245,0,0,0,0.419747853,0.065760021,1.76E-05,0,
714,0.843547899,0.253821705,0,1.808697371,0.547920171,0.329688608,1.138354726,0.689781324,0.874195651,0.371348842,0.38914231,0.065728348,
715,1.442373181,0.990155332,0.566021352,0.447341541,0,0,0,0,0,0,0.364085812,0.211998515,
716,0.562348611,0.48546152,0.121371287,1.402641578,0,1.62785368,0,0,0,0.40946926,0.12138002,0.065757999,
717,0.250133304,0.250110522,1.52E-15,0.187185351,0,0.243060672,0,1.52E-15,0.065784359,0.065782888,0.485639793,0.4416871,
718,0.065757963,0,0,0,0,0,0,0,0,0,0,0,
719,0,2.088228267,1.321169412,0.121326309,0,0.339282804,0.486091946,0.59570205,0,0.06574929,0.368388199,0.363704946,
720,0.527644115,2.22510379,0.189600009,1.002205362,0,0.919218183,0,0,0.249935603,0.231261929,0.629806104,0.22621442,
721,0.23523227,0.583721199,0,0.527732282,0,0.486559612,0,0,0,0.187082548,0.894278081,0.091235863,
722,0.85391134,2.942963714,3.165578146,1.10500331,1.102343867,0.131473118,0,0.744152028,0.275941969,0,0.043983012,0.265950959,
723,0.912827454,8.107596014,3.227031299,2.12217822,3.92753277,3.126544216,3.414077279,1.275070143,1.925617026,13.57378414,6.384778177,5.093016787,
724,1.484504971,5.93093182,0.656597638,3.564320017,1.1419147,0,0,2.138213326,1.715003168,2.73482512,1.875899322,0.63649648,
725,0.480621775,0,0.638095404,0.290843701,0,0.877630576,0,0,0.084970997,0.121332101,1.434153108,0.716728136,
726,0.065666584,0.476522248,2.428468375,0.492550353,0,0,0,1.190239842,0,0.477944662,0.769836059,0.142814598,
727,0.533571872,2.103322653,0,0.284412222,0,0.339255591,0,0,0,0,0.600052154,0,
728,0.065745901,1.105293572,0.121355793,2.347974487,0,0,0,0,0,0.545560602,0.065751004,1.474319335,
729,0.212059512,0,0.06575774,0.513210277,0,0,0,6.09E-15,0,0,0,0,
730,0,0.12140097,0,0,0,0,0,0,7.61E-16,0.065782847,0.121421784,0.606907322,
731,1.225205512,0.121354752,0.50028783,0.712535175,0.110488215,0,0,0,0,0,0.151004128,0,
732,0.820458052,0.065748223,0,0,0.000218756,0.424705274,6.09E-15,0,0.06574843,0,1.376653523,0.290869452,
733,0.350310085,1.52E-15,0,0.121411033,0,0,0,0,1.52E-15,0.441835612,0.169573561,0.065781457,
734,0.569142091,0,0.396450022,0.121355513,0,0,0,0,0.121355019,0,0.065756511,0.235290246,
735,1.185129851,0.371518372,0,0.356797474,0,0,0,0.131631967,0.065784529,0.169631898,0.25009196,0.250121748,
736,0,0,0.250069938,0,0,0,0,0,0,0.065756749,0,0,
737,0.867091692,0.106873381,0.429606143,0.181561351,0.423957991,0,1.871317769,0,0,0.773345462,0.390178466,0.277958976,
738,0,0,0.121370853,0,0,0.131650466,0,0,0.441694448,0.37165059,0.419663447,0.169550051,
739,0,0,0,0.065755862,0,0,0,0,0.595069391,0,0,0,
740,1.020903948,4.551718757,0.294993749,1.543821104,1.666241027,0.349297887,0,0.221963123,0.555305861,1.033790274,1.1734842,1.370958503,
741,0.286207457,0.864562119,1.976102364,0.405625434,0,0,0.700529536,0.131493376,1.354300757,0.562898823,0.277699926,1.022147741,
742,1.178535496,0.097703263,0.687646867,4.152439278,1.588821758,0.50927706,0,0.977985018,0.092029617,1.067080953,1.151945814,0.997719592,
743,2.377313917,0.121232813,0.510095244,0.211903336,1.186741006,0,0,0.254500247,1.403170921,1.173060284,0.629204795,0.637920723,
744,0.217501321,0,0,0.857061183,0,0,0,0.581946534,0,0.295632031,0.330368977,0.018043302,
745,0.719301788,0.110380838,0,0.828576328,0.84806815,0.545841063,0,0.31966337,0.039624824,0.273896294,4.16E-05,0.277652731,
746,0.25709864,0.56287075,0.582198782,0,0,1.379230343,0,0,0,0.119523076,0.758809141,0.811765676,
747,0,0,0,0.06575812,0,0,0,0,0.065758062,0.131531078,0.350274166,0,
748,0.621271729,0.376653704,0.065697173,0.316366269,0,0.986376643,0,0.105513914,0,0.176596867,0.935363988,0.673995531,
749,0,0.315847781,0,0.284422774,0,0,0,0,0,0.30857431,0.605108392,0.121355241,
750,0.734659669,0.065738039,0.12133895,0.065742735,0.56955374,0,0,0,0,0.280994677,0.160478478,0.344620788,
751,0.065751746,0,0,0.356752422,0,0,0,0,0.183599903,0.131509269,0,0.065751643,
752,0,7.61E-16,0,1.52E-15,0,0,0,1.52E-15,0.169618435,0,0.121408074,1.52E-15,
753,1.261840185,0.017876062,0,0.400912275,0,0,0,3.04E-15,0.396689605,0,0.479558562,0,
754,0.197751347,0,0.685242816,0.92621722,0,0,0,0.131501249,0,0.275756162,0.131364263,0.587773933,
755,0.277175697,0.181968571,0,0,0,1.402892149,0,0,0.284372112,0,0.292209773,0,
756,0,0,0.065755904,0.065757279,0,0.095685935,0,0,0.065756248,0,0.168413427,0,
757,0.065749727,0.362703834,0.492806572,0,3.04E-15,3.04E-15,0,6.09E-15,0.565835584,0,0.657185178,0.991857724,
758,0.065714769,0.834517389,0,1.017682357,0,0,0.262958225,0,1.456923271,0,0.073183669,0.110713499,
759,0.121353089,0.065753395,0,1.396905453,0,0,0,0,0.749676752,0.37962667,0.065753121,0.34358785,
760,0.057580434,0.126379745,0.398907019,0.472596561,1.127075011,0.146693143,0,0.182938222,0.324727363,1.153659433,0.311293858,1.5270548,
761,0.10624182,0.499999058,0.169496,0.574872113,0,0,0,0,0.976030656,0.442267668,1.6488618,1.95182099,
762,0.908245458,0.616561309,0.080102309,0,0,0,0,0.131511056,0.06574485,0,0.121344826,0.508415316,
763,0.937636718,0,0,0.726653591,0,0,0,0,0.211991853,0,0.121348044,0,
764,0.284550664,0.982568309,3.04E-15,0.437344811,0,0,0,0,0.284585886,0.356819201,0.308615289,0.437384125,
765,3.04E-15,1.52E-15,1.52E-15,0.187205302,0.131849231,6.09E-15,0,0,0,0.131605228,0.065778628,0.410629763,
766,0,0,0,0,0.132120642,0,6.09E-15,0.501796443,0.907117119,0,0,0.39705915,
767,0.132073505,1.175293527,0.632309388,0,0,1.851032997,0.646227894,1.773181038,0.4323813,0.938796335,0.365921618,0.257270564,
768,2.124790214,0.884068616,0.345018753,0.358188231,1.238300923,0.49287855,1.146157619,2.049845699,1.099758866,2.055701363,2.684505807,1.136173125,
769,0,0,0.065720926,0.16948595,0,0,0.405086534,0,0,0.102366673,0,0.121326997,
770,0.410426955,2.445631161,1.856334745,0.461677148,0.313240792,0.617096099,3.298982207,0.953093812,0.517530996,2.132244168,1.408142287,0.548225673,
771,0,0,0.208222416,0,0,0.664320815,0.485403151,0,1.818798209,0.680184287,0.213845139,0.881388845,
772,0.607619566,0.100480691,0.370638477,1.423161324,2.637928663,0,3.122487275,2.161310848,0.730377624,1.771993528,2.127670435,0.751948423,
773,0.131391339,0.065699633,0,0.300276125,0,0,0,0,0,0,0.177310004,0.75301769,
774,0.505742318,2.409138475,2.529660183,1.404724724,0.611944917,0.241617328,0,0.300562751,0,2.185506929,1.258126942,0.415431021,
775,0.065787359,0.670336726,0,0,0,0.243143179,6.09E-15,0.243873095,0.187220202,0.16963266,0.131564494,0.277894778,
776,0.065786108,2.28E-15,0.065787265,1.16811061,0,0,0,0,0.169587312,0.611403002,0.308642892,0.528056187,
777,0.936267563,2.738366723,1.908704271,0.92785034,0.789666473,1.692630068,2.942388382,0.823186736,1.513800028,2.923433524,2.988282718,3.588520433,
778,1.295984189,1.399057309,0.354417831,1.988691408,1.08563605,0.744187344,0.485400585,0,0.065707535,0.563793539,1.405543205,1.150597668,
779,0.065567968,4.581441929,0,0,0.705273866,0.803054106,0,0.284870168,0,0.131351502,0.306180597,0.582002344,
780,0.797419003,1.064460263,0.997375278,0.736150711,0.131480524,1.484801336,0,0,0,0.169462896,1.931092138,0.388699232,
781,0.699622273,1.063842399,1.64491709,0.065713662,0,0,0,0.131452712,0,0.486163774,0.383199349,0.542432423,
782,0.435247657,4.486156728,0.120988851,1.255926247,0.762669017,1.24222258,0.735246778,1.482526454,1.188907206,2.4833789,2.873234965,0.80495607,
783,0.556611243,0.792664073,0.065736929,0.121336155,0.063611272,0,1.546536328,0,0,0.065738177,0.33124469,0.315733126,
784,0,1.075093535,0.80122385,0,0.476501194,0,0,0,0,0.131570029,0.284531865,0,
785,0.655922146,1.046295861,0.194436492,0.626118299,0,0.13140043,0,0,0,0.443109467,0.81695186,0.94321702,
786,0.016382443,0.065714053,2.239794327,0.051248318,0,0,0,0.242703123,0.065714529,0.252597649,0,0.353916018,
787,0.586789854,0,0,0.169540073,0,0,0,0,0,0.324386059,0,0.491444977,
788,1.809802338,0,0.092081406,0.284322149,0,0.793053017,2.03783466,0.599582031,1.291820026,1.718415331,2.167372814,0.938145898,
789,0.793103971,0,0.121350208,0.205221828,0,3.04E-15,0,3.04E-15,0.881877425,0.237300356,0,0,
790,0,1.993245605,2.920716819,0.249986121,0,0,6.09E-15,0,0.727611139,0,0.889140371,0.286908945,
791,0,0,1.057959737,0,0.132268051,3.04E-15,0,0,0.396398996,0.371499071,0.121353761,0,
792,0,0.683940907,0.149253435,0.865862565,0,0.976975954,0.997928839,0.79624097,0.09437919,0.386732163,0.422670746,0.537328519,
793,2.601176308,1.542644544,3.024030461,0.903631771,0.194972852,0.675987389,3.549649966,0.524691539,1.520925123,1.321468894,2.935576411,2.652895063,
794,0.058430652,2.469334087,4.029429849,2.580283299,0,0.850545379,0,0.630953995,0.274702452,0.92233464,2.313421765,2.184113676,
795,0.337940846,1.377728523,0.565687563,1.552246949,0.107123296,0,0,0,0.977622183,0.746442434,0.762853794,0.519668567,
796,0,5.516282089,0,0.400987398,0,0.695181081,0,0.947986376,0.425747007,2.589054938,1.725430417,1.558061372,
797,1.178168048,4.370217221,6.523803434,3.191623647,0.563605746,0.504788932,0,1.869272563,0,3.923087008,2.527315998,4.291959587,
798,1.087420698,7.473210864,3.668831076,3.03733961,0.360233728,0.827219304,1.195685729,0.960868717,0.799776406,4.174990542,2.722587883,2.783902566,
799,1.905080147,2.703728957,1.048660506,1.887813323,0.456702568,0.489606995,0,1.012859844,0.401702501,1.865801974,0.5735885,0.239725669,
800,1.444300541,2.828304309,2.377904679,1.137964515,1.827334414,3.84427906,3.581441399,4.430594637,3.471976873,14.02137862,13.28443769,11.4345866,
801,0.907572999,0,0.37136457,0,0,0,6.09E-15,0,0,0,0.169196706,0.974210275,
802,0.215313474,4.347850042,0,2.131818482,0.584402818,1.595040439,0,0.563244501,1.252995671,3.278678529,1.8290028,1.386479509,
803,0,0.609275451,0,0.415005209,0,0.585707633,0.262983206,0.207419194,0.68240095,0.610416596,0.542659454,1.424049316,
804,0.065753135,0,0,0,0,0,0,0,0.065754569,0.032813685,0.050516405,0.121353234,
805,0,1.101888679,0.001090307,0.68053167,0.298388119,0,0,0.401257921,0.504167447,0.38336564,1.381507847,0.878434554,
806,0,5.56E-06,0,1.143989407,0,0,0,0,0,0.481831247,0.440110306,0.121356391,
807,1.18766158,0.065695297,0.547194735,0.15444878,0,0,0,0,0.000969227,0.428967727,0.287790981,0.589004979,
808,0,0,0,1.52E-15,0,0,6.09E-15,0,0,0.065776485,0,0.065776297,
809,0.301006852,0,0.583423128,0.597589197,1.8383498,0,0,0.087818477,1.570288144,0.653621565,0.333837582,0.939241039,
810,0,0,0,0,0,0,0,0,0,0,0.065755432,0,
811,0.541056574,0.065757856,0,0,0,0,6.09E-15,0,0,0.131537183,0.065758091,0,
812,0.00141418,0,0.000379531,1.117028228,0.631511658,0.737635216,0,0.382492208,0.434394964,0.328867877,1.236356248,1.876057271,
813,0.945950099,1.673289913,1.315904159,0,0.355030659,1.748579472,0,1.617232362,2.646001829,1.785284887,1.565819902,1.340676639,
814,0.513590278,0.147417107,0,1.0669718,0,0.562213235,0,0.131470294,0.053962742,0.367230381,1.623677816,0.394711895,
815,0.496373953,0.622779358,0,0,0,1.874542144,6.09E-15,0,0,0.970972243,0.594791333,0.186598439,
816,0,0.47408467,0.851959853,0.11158393,0,0,0,0.85629817,0,0.790671548,0.856272894,0.927049955,
817,0,0.750539908,0,0.419654994,0,0,6.09E-15,0,0.655960995,0.816554114,0.13151298,0,
818,0.065758246,0,0,1.018918895,0,0,1.001028688,0,0,0,0.121369548,0.485406185,
819,0.065736746,1.171241813,0.466742264,1.684701602,0.45166493,0,0,0,0,0.312032314,1.196691487,0.524565122,
820,0.5143103,0.139363412,0.69811905,0.650170849,0.131490542,0.927154762,0,0.339253485,0.262634762,1.000534743,0.966655916,0.5911943,
821,0,0,0,1.039792883,0,0,0,0,0,0,0.676729162,0,
822,0,0,0.293404463,0.465139376,0.339511172,0,0,0,0.06574862,0.065749384,0.320104899,0.187314214,
823,0.543869161,0.308120132,0.121214705,0.026306253,0,1.750701733,0,0.483833696,0.126194076,0.171503073,0.413130509,0.437942568,
824,0.904752313,1.5247712,0.056405538,0.252373455,1.240041783,0.377205904,0,1.942467346,0,0,1.595915055,0,
825,0.121367453,0,0,0,0,0,0,0.569786872,0,0.06575795,1.007899204,0.121361145,
826,0,0,0,0.301784155,0.152081673,0,0,1.016033836,0.907604318,0,0.48887497,0.24412408,
827,0,10.01784471,0,0,0.979860288,3.269564396,0,0.593048057,0,0,0.545107652,0,
828,0.371850273,4.061754018,0.002297444,0.625173563,0.579768328,1.512415861,1.169739597,2.74004326,0,2.006998271,3.286088112,1.631896289,
829,0.136405888,7.904579982,0.000456802,3.481415792,1.609937261,5.150710189,0,2.237232811,0,2.759981631,1.250960562,0.584964453,
830,1.227354009,1.125052175,1.963894897,0.548649392,1.480269015,2.476614022,2.660839744,0.600036765,0.446506415,3.113209199,3.913413975,2.409705092,
831,1.501467154,1.446201144,0.000296135,2.92114109,0.949103313,0.627807129,0,1.832935701,2.549325416,1.279949539,1.185363677,0.475636308,
832,0.304246956,0.565853107,0.267313668,0.277717111,0,0,0,0,0,0.012466058,0.06051672,1.196268728,
833,0.504650077,0.601781862,0,0,0,0,0,0.569209742,0,0.013428732,0.013297489,0,
834,1.459761115,0.264550651,0.041805807,2.136459133,1.053850802,1.575709337,0,2.151199658,2.661397987,5.204909259,2.655331322,5.232734665,
835,0.436611785,0.423910942,0,0.789287123,0,0.995661591,0,0,3.26E-05,1.153347779,1.936023178,1.142796136,
836,1.149112348,0.080208541,0.792715632,0.577389592,0,0.950445356,1.133283042,0.943333413,0.873975951,1.923769257,3.259634682,0.696180431,
837,0,0,0,0,0,0,0,0,0,0,0,0,
838,0,0.498175225,0.355219687,0,0,0.709137505,0,0.370304672,0,0,0.456897478,0.591538288,
839,0.006510667,0.347883391,0.169449809,0.065692596,0,0.645019522,0,0,0.407973626,1.537709491,0.500673694,0.298587996,
840,1.942386255,0.593415969,2.606829349,1.337182302,1.537941384,3.55805661,4.684924449,1.282442526,1.578963671,2.46300516,4.022181185,4.193379237,
841,0.601752998,0,0.052541977,0.279100359,0,0,1.330039264,0.28189184,0.074544145,0.210604467,0.564284055,0.379790909,
842,1.272266139,0.725768558,0.197422231,0.12135007,0,0,0,0,0.315753375,0.216134197,0.739083655,0.121349306,
843,0.26010311,1.426850844,1.585276876,0.463249886,1.384834296,3.801253779,5.561680259,0.88272907,0.894607904,2.286522745,1.731873151,4.186625165,
844,1.504215049,3.271844518,1.140656583,0.970527861,0.688283963,1.926934222,1.263434591,0.82075105,0.721661689,2.169991181,3.110512455,2.0352293,
845,0.422884581,0.695334606,0.608137364,0.017184507,1.930301574,0,0,0.292709764,0,1.10459791,1.145089176,0.797570317,
846,2.825341902,2.26652314,0.04806688,0.842290113,2.801141091,1.992691989,3.506874433,1.093804602,3.408068606,3.375763131,2.370294252,4.86019348,
847,1.14835063,2.102463218,0,1.222906586,1.115025398,2.453842984,8.602896333,4.992803883,0.125814771,1.183543972,4.089956773,3.98603114,
848,0.789832285,0.667311701,0.146255032,0.214224401,1.894395314,1.027592598,1.671775094,7.763473049,0.431018073,1.092270586,1.609712557,2.248067138,
849,2.362884772,0.720179916,0.685796801,0.024863946,4.492792627,2.009519887,0,2.369847254,1.394388087,2.004477582,3.468297911,3.237341325,
850,0.21151366,0.872804828,0.121289615,0.441309216,0.775639271,0.131446271,0,0.94980975,0.228291598,1.540788778,1.883720925,0.737743186,
851,0.121231211,1.170747978,1.569448446,0.31748735,0,1.084828387,0.688671952,1.392192854,2.192332847,1.505124287,1.788778335,2.0677586,
