donor,sex,age,collection_date,ic50,sd_ic50,dilution_ic50
h8,FEMALE,27,11/11/2010,0.00010885,0.000301549,9186.988969
h4,FEMALE,26,3/31/2011,0.000298649,6.51E-05,3348.412585
h87,FEMALE,37,11/21/2019,0.000321705,8.65E-05,3108.437513
h39,FEMALE,40,7/14/2011,0.000396749,2.33E-05,2520.483905
h112,MALE,38,06/03/2011,0.000423794,0.000131471,2359.638322
h46,FEMALE,42,2/14/2011,0.000451967,7.04E-06,2212.550023
h19,FEMALE,35,7/18/2012,0.000487227,1.56E-05,2052.431071
h127,FEMALE,46,11/25/2016,0.00069439,0.000114423,1440.113797
h75,MALE,47,11/19/2019,0.000706776,0.000279485,1414.875101
h107,MALE,42,1/26/2011,0.000906949,0.000121264,1102.597511
h92,FEMALE,41,11/22/2019,0.001113355,0.000272069,898.1857936
h52,MALE,45,7/18/2012,0.001115051,9.84E-05,896.8196499
h41,FEMALE,40,11/25/2016,0.001197184,6.68E-05,835.293317
h9,FEMALE,28,7/13/2011,0.00120111,5.07E-05,832.563522
h126,FEMALE,37,11/25/2016,0.001288962,0.000224257,775.818301
h23,FEMALE,36,7/18/2011,0.001375132,0.000117812,727.2028714
h138,MALE,49,5/24/2017,0.001398461,0.000246313,715.0717024
h36,MALE,39,07/06/2011,0.001449636,0.000302824,689.8281232
h33,FEMALE,38,11/25/2016,0.001467094,0.000152883,681.6196382
h63,FEMALE,39,07/11/2019,0.001501467,9.88E-05,666.0153502
h56,FEMALE,46,7/13/2011,0.001528404,0.000190012,654.2771448
h65,FEMALE,30,11/19/2019,0.001540662,0.000231257,649.0717631
h29,FEMALE,37,6/27/2011,0.00175003,0.000160464,571.4186481
h44,FEMALE,41,01/11/2011,0.001771271,0.000227347,564.5664968
h111,MALE,35,5/27/2011,0.001776412,0.000206892,562.9323235
h95,MALE,45,11/05/2020,0.00179304,0.000479007,557.7121645
h73,FEMALE,38,11/29/2018,0.001836485,0.000553495,544.5185416
h103,FEMALE,32,11/24/2010,0.001953212,0.000179981,511.9772308
h25,FEMALE,36,11/23/2010,0.002157879,0.000122009,463.418038
h85,MALE,42,11/21/2019,0.002185459,0.000195673,457.5697638
h106,FEMALE,42,10/06/2010,0.002280294,0.000328132,438.5399347
h98,MALE,31,11/04/2010,0.002300975,0.000653634,434.5984644
h93,MALE,41,10/06/2020,0.002520832,0.000524917,396.6944719
h94,MALE,31,10/15/2020,0.002779521,0.001336789,359.7741926
h136,MALE,47,05/03/2017,0.002868576,0.000407207,348.6050441
h72,FEMALE,48,11/29/2018,0.002876982,0.001625995,347.5864064
h35,MALE,38,07/06/2011,0.003123204,0.000205004,320.1839708
h139,FEMALE,42,5/24/2017,0.00327184,0.000362953,305.6383756
h51,MALE,45,7/18/2012,0.003352551,0.000365243,298.2802874
h38,FEMALE,39,01/12/2011,0.00356578,0.000246957,280.4435262
h105,FEMALE,44,12/17/2010,0.004096255,0.000433448,244.1254543
h130,FEMALE,50,12/20/2016,0.004123713,0.000273613,242.4998823
h76,FEMALE,26,11/19/2019,0.004590461,0.000321798,217.8430438
h97,FEMALE,29,1/20/2021,0.004685275,0.000810681,213.4346586
h109,MALE,28,05/12/2011,0.004792848,0.000748864,208.6442181
h81,FEMALE,26,11/22/2019,0.004938564,0.001239172,202.4880241
h120,MALE,37,10/28/2010,0.005148742,0.000403244,194.2222097
h47,FEMALE,42,07/12/2011,0.005174907,0.0025973,193.2401996
h100,FEMALE,43,11/17/2010,0.005273898,0.001396105,189.6130578
h121,FEMALE,43,10/28/2010,0.005694301,0.000476651,175.6141698
h91,MALE,39,11/21/2019,0.005766598,0.001745555,173.4124662
h86,FEMALE,41,11/21/2019,0.005905867,0.001573538,169.3231452
h1,MALE,25,7/25/2011,0.005982994,0.000676148,167.140398
h22,MALE,36,06/08/2011,0.00610575,0.000434385,163.780032
h20,FEMALE,35,07/12/2011,0.006116985,0.000379337,163.4792254
h67,FEMALE,39,11/19/2019,0.006638448,0.001647527,150.6376175
h90,FEMALE,28,11/21/2019,0.006711809,0.000712607,148.9911387
h68,MALE,43,11/19/2019,0.00672699,0.001238189,148.6548988
h45,MALE,41,10/25/2010,0.006860596,0.00036456,145.7599324
h42,MALE,40,11/11/2010,0.007571482,0.000740569,132.0745443
h83,FEMALE,41,11/21/2019,0.007886854,0.001350382,126.7932763
h102,FEMALE,43,10/06/2010,0.007980711,0.000955414,125.3021262
h77,FEMALE,45,11/21/2019,0.008112607,0.001345551,123.2649445
h101,FEMALE,35,11/22/2010,0.008184084,0.001492035,122.1883842
h119,MALE,34,10/28/2010,0.008631023,0.000887059,115.8611168
h32,MALE,37,07/12/2011,0.00902931,0.000344063,110.7504295
h122,MALE,47,06/04/2015,0.009064485,0.001450972,110.3206595
h88,FEMALE,42,11/21/2019,0.009134965,0.001395232,109.4694944
h74,FEMALE,40,7/18/2012,0.009319501,0.001569645,107.3018806
h115,FEMALE,46,10/21/2010,0.009321205,0.001001816,107.2822623
h27,MALE,37,7/18/2012,0.009490542,0.001118659,105.3680615
h60,FEMALE,49,07/12/2011,0.009712624,0.001384736,102.9587864
h89,MALE,32,11/21/2019,0.009942439,0.001599222,100.5789413
h54,FEMALE,46,01/11/2011,0.010322258,0.001463852,96.87802998
h66,FEMALE,32,11/19/2019,0.0105281,0.002049308,94.98390271
h11,FEMALE,29,07/12/2011,0.010684526,0.000537995,93.5932933
h64,FEMALE,32,11/19/2019,0.012949147,0.001236804,77.22516353
h116,MALE,35,10/25/2010,0.013028273,0.00095116,76.75614186
h48,FEMALE,42,07/12/2011,0.013687533,0.004871773,73.05918525
h124,FEMALE,37,8/29/2016,0.014106515,0.00163454,70.88923221
h137,MALE,49,05/03/2017,0.016072987,0.002170762,62.21618899
h128,FEMALE,41,11/25/2016,0.016783248,0.001829638,59.58322415
h50,MALE,44,11/08/2010,0.017526227,0.000913677,57.05734621
h96,MALE,47,11/05/2020,0.019772617,0.00691628,50.57499585
h108,MALE,28,2/23/2011,0.020941334,0.001573585,47.75245041
h114,MALE,35,06/08/2011,0.027104112,0.004671229,36.89477035
h79,FEMALE,42,11/21/2019,0.030791491,0.002528387,32.47650473
h6,MALE,26,07/08/2011,0.031566021,0.001230412,31.67963422
h125,FEMALE,28,8/29/2016,0.034234009,0.002663801,29.21071889
h132,MALE,42,11/15/2016,0.036744852,0.005225875,27.21469644
h3,FEMALE,25,03/09/2011,0.038753776,0.004465633,25.80393709
h16,FEMALE,33,07/12/2011,0.040321769,0.001843466,24.80049949
h24,FEMALE,36,6/20/2011,0.042375014,0.001612106,23.59881254
h53,MALE,45,12/17/2010,0.042998086,0.006460656,23.25684932
h123,FEMALE,30,09/08/2015,0.046921748,0.003148309,21.31207918
h5,MALE,26,11/04/2011,0.046928029,0.002865227,21.30922645
h129,MALE,32,11/25/2016,0.050234007,0.006680033,19.90683306
h30,MALE,37,01/12/2011,0.050985918,0.004758372,19.61325867
h104,FEMALE,31,10/05/2010,0.06086355,0.020434047,16.43019513
h2,FEMALE,25,6/22/2011,,,
h7,FEMALE,26,3/15/2018,,,
h10,MALE,28,10/20/2010,,,
h12,MALE,30,05/12/2011,,,
h13,FEMALE,32,7/13/2011,,,
h14,FEMALE,33,07/12/2011,,,
h15,FEMALE,33,6/28/2011,,,
h17,MALE,34,07/12/2011,,,
h18,MALE,34,03/01/2017,,,
h21,MALE,35,07/07/2011,,,
h26,MALE,36,07/11/2011,,,
h28,FEMALE,37,6/29/2011,,,
h31,FEMALE,37,11/24/2010,,,
h34,MALE,38,10/26/2010,,,
h37,MALE,39,06/08/2011,,,
h40,FEMALE,40,07/12/2011,,,
h43,FEMALE,40,11/15/2010,,,
h49,MALE,43,11/15/2016,,,
h55,FEMALE,46,6/28/2011,,,
h57,FEMALE,47,07/12/2011,,,
h58,MALE,48,12/09/2010,,,
h59,MALE,49,11/24/2010,,,
h61,MALE,31,5/24/2018,,,
h62,FEMALE,34,10/06/2020,,,
h69,MALE,28,11/29/2018,,,
h70,MALE,39,11/29/2018,,,
h71,FEMALE,34,11/29/2018,,,
h78,FEMALE,32,11/21/2019,,,
h80,MALE,34,11/22/2019,,,
h82,MALE,27,11/22/2019,,,
h84,MALE,29,11/21/2019,,,
h99,MALE,34,11/08/2010,,,
h110,MALE,28,05/12/2011,,,
h113,MALE,39,06/08/2011,,,
h117,FEMALE,49,10/27/2010,,,
h118,MALE,47,10/28/2010,,,
h131,MALE,26,11/15/2016,,,
h133,MALE,34,11/15/2016,,,
h134,MALE,45,1/18/2017,,,
h135,MALE,40,1/18/2017,,,
h140,MALE,48,10/02/2020,,,