sample,virus,ic50,error.ic50,WT_ic50,WT_error.ic50,fold.change
h107,A473L,5370.358034,386.2930547,1996.304333,90.33485356,0.37
h107,A512L,2067.707722,281.8365019,1996.304333,90.33485356,0.97
h107,D535T,1416.074265,280.9195947,6820.509197,1099.338548,4.82
h107,D535T+K723E,359.3012934,83.04848926,2086.445361,198.6318599,5.81
h107,K227S,1666.698342,183.4011285,1996.304333,90.33485356,1.2
h107,K650Y,4465.109212,564.969851,1996.304333,90.33485356,0.45
h107,K723E,623.288542,64.24167777,6820.509197,1099.338548,10.94
h107,K723E+P798H,300.8974437,20.73619599,6779.604279,1625.855621,22.53
h107,P798H,3206.202946,598.5181064,6820.509197,1099.338548,2.13
h107,Q702G,2268.59291,230.6928272,1996.304333,90.33485356,0.88
h111,A473L,2049.582044,378.0786428,872.359157,41.60462391,0.43
h111,A512L,630.9943352,111.8292779,872.359157,41.60462391,1.38
h111,D535T,633.2607374,169.0814115,3971.541309,752.8961029,6.27
h111,D535T+K723E,249.529181,116.837303,1135.981436,183.4122178,4.55
h111,K227S,779.1394173,103.0725199,872.359157,41.60462391,1.12
h111,K650Y,3578.436501,881.3056396,872.359157,41.60462391,0.24
h111,K723E,282.056137,31.98495568,3971.541309,752.8961029,14.08
h111,K723E+P798H,154.3493276,20.41340974,3761.39375,1138.428319,24.37
h111,P798H,2124.736251,664.6234285,3971.541309,752.8961029,1.87
h111,Q702G,1084.72379,187.0028296,872.359157,41.60462391,0.8
h112,A473L,390.2143646,84.23491389,7255.311042,755.3666747,18.59
h112,D535T+K723E,1257.565178,247.6229988,2749.08772,559.6818535,2.19
h112,K723E+P798H,497.7889056,30.13726461,2000.50174,167.5916369,4.02
h126,A473L,3980.801046,298.4772026,1414.537619,91.67955366,0.36
h126,A512L,1797.729542,330.3372787,1414.537619,91.67955366,0.79
h126,D535T,1364.602957,216.7703147,4107.833233,604.0076623,3.01
h126,D535T+K723E,532.4187909,161.9961635,1765.078245,276.6352981,3.32
h126,K227S,1610.670892,138.5416918,1414.537619,91.67955366,0.88
h126,K650Y,3979.400584,533.3830015,1414.537619,91.67955366,0.36
h126,K723E,471.3589705,38.11863337,4107.833233,604.0076623,8.71
h126,K723E+P798H,504.3993842,50.6746076,5226.445358,1367.283625,10.36
h126,P798H,4432.032105,1508.947128,4107.833233,604.0076623,0.93
h126,Q702G,2896.790363,529.9642306,1414.537619,91.67955366,0.49
h138,A473L,1460.366211,138.9797235,963.4247595,44.02539496,0.66
h138,A512L,870.2656869,136.2645799,963.4247595,44.02539496,1.11
h138,D535T,479.314499,52.56756308,1275.576352,122.9593734,2.66
h138,D535T+K723E,369.6900145,99.50932191,1094.345687,171.0774391,2.96
h138,K227S,755.8015922,61.16594347,963.4247595,44.02539496,1.27
h138,K650Y,1520.199987,215.7126147,963.4247595,44.02539496,0.63
h138,K723E,294.8406384,16.02070719,1275.576352,122.9593734,4.33
h138,K723E+P798H,179.6185323,14.91714001,1664.821861,370.8439702,9.27
h138,P798H,920.278879,219.6508243,1275.576352,122.9593734,1.39
h138,Q702G,1230.053577,211.6542675,963.4247595,44.02539496,0.78
h19,D535T+K723E,2023.494786,712.3204926,2926.21572,403.3763772,1.45
h19,K227S,2290.911383,198.5070574,10084.08807,1892.472805,4.4
h19,K723E,1943.704526,276.9296191,10084.08807,1892.472805,5.19
h19,K723E+P798H,1107.080902,154.2274586,3071.655678,185.2898198,2.77
h23,A473L,3584.102943,342.2426185,1228.894507,96.78556561,0.34
h23,A512L,931.7987357,104.9382706,1228.894507,96.78556561,1.32
h23,D535T,529.4927308,51.43161311,1448.670804,206.8833559,2.74
h23,D535T+K723E,341.0869546,68.23544577,1187.311173,156.348918,3.48
h23,K227S,525.5856832,77.59897382,1228.894507,96.78556561,2.34
h23,K650Y,3943.446175,686.3371397,1228.894507,96.78556561,0.31
h23,K723E,379.0079518,24.92789094,1448.670804,206.8833559,3.82
h23,K723E+P798H,273.2224883,48.72242717,1479.16809,168.9585056,5.41
h23,P798H,811.7481307,53.58115109,1448.670804,206.8833559,1.78
h23,Q702G,863.5120101,97.77436486,1228.894507,96.78556561,1.42
h29,A473L,3317.147092,548.3646059,1004.140152,130.6392811,0.3
h29,A512L,439.7070393,74.39316177,1004.140152,130.6392811,2.28
h29,D535T,348.7239185,36.85417604,797.7065758,151.5658527,2.29
h29,D535T+K723E,253.9637744,56.76381449,727.0151088,201.0598159,2.86
h29,K227S,1369.216899,190.8657516,1004.140152,130.6392811,0.73
h29,K650Y,6359.61851,1105.356268,1004.140152,130.6392811,0.16
h29,K723E,208.1159548,10.17001873,797.7065758,151.5658527,3.83
h29,K723E+P798H,354.7610679,41.07514236,946.5355085,120.6654702,2.67
h29,P798H,405.9930736,28.85750484,797.7065758,151.5658527,1.96
h29,Q702G,633.4240443,95.60363464,1004.140152,130.6392811,1.59
h33,A473L,4844.022523,763.1561314,1127.378985,132.9584313,0.23
h33,A512L,607.346154,141.4878636,1127.378985,132.9584313,1.86
h33,D535T,303.0563174,53.22041706,1263.391539,238.4357316,4.17
h33,D535T+K723E,182.099704,63.53199542,779.2128182,99.71143007,4.28
h33,K227S,1457.509686,143.9025939,1127.378985,132.9584313,0.77
h33,K650Y,8793.08821,1380.820892,1127.378985,132.9584313,0.13
h33,K723E,214.4981225,10.36208481,1263.391539,238.4357316,5.89
h33,K723E+P798H,272.5083648,34.37298719,1506.476368,201.1654718,5.53
h33,P798H,517.8457407,31.75685508,1263.391539,238.4357316,2.44
h33,Q702G,726.4064093,121.4941432,1127.378985,132.9584313,1.55
h36,A473L,4711.122395,719.2573118,1466.80206,137.2352452,0.31
h36,A512L,803.6812795,74.00418132,1466.80206,137.2352452,1.83
h36,D535T,360.0303632,62.64656622,1126.057019,155.6180301,3.13
h36,D535T+K723E,252.1111015,59.0074025,631.9639256,48.08979922,2.51
h36,K227S,1227.925639,139.7641331,1466.80206,137.2352452,1.19
h36,K650Y,5362.943157,817.945102,1466.80206,137.2352452,0.27
h36,K723E,343.7416064,17.94601664,1126.057019,155.6180301,3.28
h36,K723E+P798H,293.7996974,62.96839505,1336.34255,123.0622283,4.55
h36,P798H,616.7534036,54.55598737,1126.057019,155.6180301,1.83
h36,Q702G,989.7483415,108.8000011,1466.80206,137.2352452,1.48
h39,D535T+K723E,669.0980035,83.20230316,3595.587546,696.7149116,5.37
h39,K723E,892.7373763,115.4098373,4360.838582,487.5953969,4.88
h39,K723E+P798H,128.2931686,19.84703053,4360.838582,487.5953969,33.99
h39,P798H,2627.51319,361.5096698,4360.838582,487.5953969,1.66
h39,Q702G,1076.010728,95.36707768,4360.838582,487.5953969,4.05
h4,A512L,984.9384273,96.40447467,8850.901314,574.9037883,8.99
h4,D535T+K723E,1164.931925,125.3287925,3370.743544,585.4346275,2.89
h4,K723E+P798H,1876.964216,206.7740609,13704.06202,2347.17558,7.3
h4,K827V,2398.680287,629.0869337,8850.901314,574.9037883,3.69
h4,S564E,3037.572703,484.1217745,8850.901314,574.9037883,2.91
h41,A473L,1671.596936,368.4999886,1069.348227,94.98770956,0.64
h41,A512L,518.3273762,30.58616684,1069.348227,94.98770956,2.06
h41,D535T,282.8809048,30.76676645,826.9978765,84.67138626,2.92
h41,D535T+K723E,300.8935552,45.96439308,735.8026653,62.45406718,2.45
h41,K227S,400.454224,34.18774439,1069.348227,94.98770956,2.67
h41,K650Y,1523.886857,171.9951387,1069.348227,94.98770956,0.7
h41,K723E,244.1810118,11.19685406,826.9978765,84.67138626,3.39
h41,K723E+P798H,231.9862553,52.36567567,1262.742901,127.0280391,5.44
h41,P798H,634.9057414,66.10678596,826.9978765,84.67138626,1.3
h41,Q702G,734.0064293,66.11840098,1069.348227,94.98770956,1.46
h44,A473L,1026.02803,107.6808323,844.9207675,77.58650355,0.82
h44,A512L,483.6540445,36.94619476,844.9207675,77.58650355,1.75
h44,D535T,458.4141309,39.87439373,1310.175257,246.6870223,2.86
h44,D535T+K723E,352.0696879,47.91922383,825.9483869,139.7635822,2.35
h44,K227S,634.193108,36.99381628,844.9207675,77.58650355,1.33
h44,K650Y,1082.675445,129.5062901,844.9207675,77.58650355,0.78
h44,K723E,472.1718707,49.10165434,1310.175257,246.6870223,2.77
h44,K723E+P798H,236.4878682,17.33262681,1674.453637,267.9051663,7.08
h44,P798H,1032.07577,141.256577,1310.175257,246.6870223,1.27
h44,Q702G,917.0261112,144.5198604,844.9207675,77.58650355,0.92
h46,A221V,2259.81788,570.8729536,3615.319447,604.8159354,1.6
h46,D535T,650.2675995,71.28730478,3615.319447,604.8159354,5.56
h46,D535T+K723E,629.4599995,70.23908235,1144.124191,128.1635136,1.82
h46,K723E+P798H,637.0553126,108.9702933,8897.365035,823.4996114,13.97
h46,Q702G,1060.065499,137.4628451,3615.319447,604.8159354,3.41
h52,A473L,3397.940011,451.6795978,1651.726495,111.2230311,0.49
h52,A512L,1069.45791,108.016597,1651.726495,111.2230311,1.54
h52,D535T,770.1491686,149.1316572,3037.237608,492.5847262,3.94
h52,D535T+K723E,558.9986476,106.1016981,1505.003785,206.6059537,2.69
h52,K227S,822.4653966,80.29119824,1651.726495,111.2230311,2.01
h52,K650Y,4343.224266,449.9819196,1651.726495,111.2230311,0.38
h52,K723E,408.0019087,32.80249767,3037.237608,492.5847262,7.44
h52,K723E+P798H,292.0565238,38.22563663,5119.494739,497.5088791,17.53
h52,P798H,1339.654831,205.8655844,3037.237608,492.5847262,2.27
h52,Q702G,2215.253171,405.4661362,1651.726495,111.2230311,0.75
h56,A473L,5896.486609,540.0402363,4090.920009,856.9105099,0.69
h56,A512L,425.3080169,551.6772677,4090.920009,856.9105099,9.62
h56,D535T,1723.010294,410.0434376,3586.99683,627.0273398,2.08
h56,D535T+K723E,197.2971607,26.9991147,1802.853647,202.7625223,9.14
h56,K227S,3442.8938,223.81778,4090.920009,856.9105099,1.19
h56,K650Y,10601.70845,728.240021,4090.920009,856.9105099,0.39
h56,K723E,188.7071162,20.86923132,3586.99683,627.0273398,19.01
h56,K723E+P798H,499.3713607,56.19269329,10893.86766,674.411709,21.82
h56,P798H,1192.378266,254.1554039,3586.99683,627.0273398,3.01
h56,Q702G,1403.075363,254.848298,4090.920009,856.9105099,2.92
h63,A473L,3161.303156,647.2851067,1060.097609,178.7711081,0.34
h63,A512L,755.4880324,174.5827445,1060.097609,178.7711081,1.4
h63,D535T,474.4118218,59.92712166,2088.284907,343.9793387,4.4
h63,D535T+K723E,107.9712408,97.89485067,872.0656403,132.4247622,8.08
h63,K227S,965.4430904,125.9269352,1060.097609,178.7711081,1.1
h63,K650Y,6074.994473,1119.668216,1060.097609,178.7711081,0.17
h63,K723E,406.8315253,35.38303641,2088.284907,343.9793387,5.13
h63,K723E+P798H,263.2667764,32.97785128,5935.30436,967.9211239,22.54
h63,P798H,1443.936014,295.5865535,2088.284907,343.9793387,1.45
h63,Q702G,1454.31561,309.882683,1060.09761,178.771108,0.73
h65,A473L,2418.285178,452.3114054,1295.817581,144.5864663,0.54
h65,A512L,1000.505977,138.8222493,1295.817581,144.5864663,1.3
h65,D535T,534.0575607,39.23645044,2629.62672,421.5771724,4.92
h65,D535T+K723E,517.1765852,42.00530528,1300.016377,102.5577078,2.51
h65,K227S,1183.036158,110.7652517,1295.817581,144.5864663,1.1
h65,K650Y,2733.347905,440.078029,1295.817581,144.5864663,0.47
h65,K723E,583.9272663,50.02164106,2629.62672,421.5771724,4.5
h65,K723E+P798H,340.4382714,55.1292543,5834.682004,864.408047,17.14
h65,P798H,1826.899808,242.3379277,2629.62672,421.5771724,1.44
h65,Q702G,1522.828539,319.2789565,1295.817581,144.5864663,0.85
h73,A473L,1277.726516,165.3034717,1597.342156,100.9900818,1.25
h73,A512L,1611.859191,183.3188521,1597.342156,100.9900818,0.99
h73,D535T,540.9710125,57.81963488,1829.603254,150.6766159,3.38
h73,D535T+K723E,745.0709475,79.85222036,1725.128307,149.6071889,2.32
h73,K227S,1338.980908,134.1885232,1597.342156,100.9900818,1.19
h73,K650Y,1573.524112,141.2812249,1597.342156,100.9900818,1.02
h73,K723E,601.459558,78.20341608,1829.603254,150.6766159,3.04
h73,K723E+P798H,236.6872053,42.76039842,1610.736206,212.0083277,6.81
h73,P798H,1697.337942,188.1432731,1829.603254,150.6766159,1.08
h73,Q702G,1706.151049,280.0875499,1597.342156,100.9900818,0.94
h75,A512L,697.8650504,78.84506179,5171.17888,469.1472144,7.41
h75,D535T+K723E,514.4293843,66.52097201,1188.8217,256.328651,2.31
h75,K723E+P798H,776.679553,109.5164114,4992.300969,583.9634822,6.43
h75,K829V,1861.91086,194.9805545,5171.17888,469.1472144,2.78
h8,D535T+K723E,3747.438999,408.3498519,7221.551206,478.6786764,1.93
h8,K227S,1312.960975,150.035775,25432.97825,2043.090714,19.37
h8,K723E+P798H,469.305883,59.34075512,2090.755651,342.7608539,4.45
h87,D535T+K723E,907.294586,93.54997877,2369.501432,446.4419744,2.61
h87,K222L,2197.367973,357.7187195,7524.260762,956.0730296,3.42
h87,K723E+P798H,449.9303136,26.09326724,3809.655038,456.7107044,8.47
h87,S513P,2030.512826,270.6922112,7524.260762,956.0730296,3.71
h9,A473L,2010.876412,246.0919111,1207.284499,88.89731301,0.6
h9,A512L,671.3116929,42.64584001,1207.284499,88.89731301,1.8
h9,D535T,441.6020972,43.90311859,919.4089762,102.601415,2.08
h9,D535T+K723E,622.9569625,106.8288333,1197.262161,167.8568178,1.92
h9,K227S,1064.646399,113.0759223,1207.284499,88.89731301,1.13
h9,K650Y,1554.084573,197.4911505,1207.284499,88.89731301,0.78
h9,K723E,470.3717433,45.08403872,919.4089762,102.601415,1.95
h9,K723E+P798H,337.3787589,61.13772263,1565.216876,148.9678243,4.64
h9,P798H,743.1804578,67.69728964,919.4089762,102.601415,1.24
h9,Q702G,582.246928,66.12864342,1207.284499,88.89731301,2.07
h92,A473L,1605.854664,187.9431133,1255.297014,68.65110594,0.78
h92,A512L,198.7590938,32.4729442,1255.297014,68.65110594,6.32
h92,D535T,720.496584,95.43231295,1443.667191,116.8524469,2
h92,D535T+K723E,308.3936927,31.31805917,1306.213111,113.0212473,4.24
h92,K227S,1535.831051,127.6434265,1255.297014,68.65110594,0.82
h92,K650Y,2076.904342,158.8802193,1255.297014,68.65110594,0.6
h92,K723E,298.865045,24.85322064,1443.667191,116.8524469,4.83
h92,K723E+P798H,263.3736088,19.5195122,1838.289654,325.2862867,6.98
h92,P798H,763.6007464,145.656807,1443.667191,116.8524469,1.89
h92,Q702G,899.4437782,166.9014631,1255.297014,68.65110594,1.4
h95,A473L,1270.77192,203.918641,484.4303151,29.95013701,0.38
h95,A512L,351.148647,56.16154468,484.4303151,29.95013701,1.38
h95,D535T,268.9117322,74.74792816,1466.434206,335.679445,5.45
h95,D535T+K723E,138.2068458,49.48292014,568.4707583,68.16318409,4.11
h95,K227S,335.0601454,43.61835655,484.4303151,29.95013701,1.45
h95,K650Y,1368.326808,207.4164954,484.4303151,29.95013701,0.35
h95,K723E,183.0564186,16.49752771,1466.434206,335.679445,8.01
h95,K723E+P798H,101.0368628,7.238153077,1564.106324,547.3257279,15.48
h95,P798H,823.5855903,291.8735492,1466.434206,335.679445,1.78
h95,Q702G,713.0642823,108.0550629,484.4303151,29.95013701,0.68
