polyprotein_site,VP_protein,position,AA
1,4,1,M
2,4,2,G
3,4,3,A
4,4,4,Q
5,4,5,V
6,4,6,S
7,4,7,T
8,4,8,Q
9,4,9,K
10,4,10,T
11,4,11,G
12,4,12,A
13,4,13,H
14,4,14,E
15,4,15,T
16,4,16,R
17,4,17,L
18,4,18,N
19,4,19,A
20,4,20,S
21,4,21,G
22,4,22,N
23,4,23,S
24,4,24,I
25,4,25,I
26,4,26,H
27,4,27,Y
28,4,28,T
29,4,29,N
30,4,30,I
31,4,31,N
32,4,32,Y
33,4,33,Y
34,4,34,K
35,4,35,D
36,4,36,A
37,4,37,A
38,4,38,S
39,4,39,N
40,4,40,S
41,4,41,A
42,4,42,N
43,4,43,R
44,4,44,Q
45,4,45,D
46,4,46,F
47,4,47,T
48,4,48,Q
49,4,49,D
50,4,50,P
51,4,51,G
52,4,52,K
53,4,53,F
54,4,54,T
55,4,55,E
56,4,56,P
57,4,57,V
58,4,58,K
59,4,59,D
60,4,60,I
61,4,61,M
62,4,62,I
63,4,63,K
64,4,64,S
65,4,65,L
66,4,66,P
67,4,67,A
68,4,68,L
69,4,69,N
70,2,1,S
71,2,2,P
72,2,3,T
73,2,4,V
74,2,5,E
75,2,6,E
76,2,7,C
77,2,8,G
78,2,9,Y
79,2,10,S
80,2,11,D
81,2,12,R
82,2,13,A
83,2,14,R
84,2,15,S
85,2,16,I
86,2,17,T
87,2,18,L
88,2,19,G
89,2,20,N
90,2,21,S
91,2,22,T
92,2,23,I
93,2,24,T
94,2,25,T
95,2,26,Q
96,2,27,E
97,2,28,C
98,2,29,A
99,2,30,N
100,2,31,V
101,2,32,V
102,2,33,V
103,2,34,G
104,2,35,Y
105,2,36,G
106,2,37,V
107,2,38,W
108,2,39,P
109,2,40,D
110,2,41,Y
111,2,42,L
112,2,43,K
113,2,44,D
114,2,45,S
115,2,46,E
116,2,47,A
117,2,48,T
118,2,49,A
119,2,50,E
120,2,51,D
121,2,52,Q
122,2,53,P
123,2,54,T
124,2,55,Q
125,2,56,P
126,2,57,D
127,2,58,V
128,2,59,A
129,2,60,T
130,2,61,C
131,2,62,R
132,2,63,F
133,2,64,Y
134,2,65,T
135,2,66,L
136,2,67,D
137,2,68,S
138,2,69,V
139,2,70,Q
140,2,71,W
141,2,72,Q
142,2,73,K
143,2,74,T
144,2,75,S
145,2,76,P
146,2,77,G
147,2,78,W
148,2,79,W
149,2,80,W
150,2,81,K
151,2,82,L
152,2,83,P
153,2,84,D
154,2,85,A
155,2,86,L
156,2,87,S
157,2,88,N
158,2,89,L
159,2,90,G
160,2,91,L
161,2,92,F
162,2,93,G
163,2,94,Q
164,2,95,N
165,2,96,M
166,2,97,Q
167,2,98,Y
168,2,99,H
169,2,100,Y
170,2,101,L
171,2,102,G
172,2,103,R
173,2,104,T
174,2,105,G
175,2,106,Y
176,2,107,T
177,2,108,V
178,2,109,H
179,2,110,V
180,2,111,Q
181,2,112,C
182,2,113,N
183,2,114,A
184,2,115,S
185,2,116,K
186,2,117,F
187,2,118,H
188,2,119,Q
189,2,120,G
190,2,121,C
191,2,122,L
192,2,123,L
193,2,124,V
194,2,125,V
195,2,126,C
196,2,127,V
197,2,128,P
198,2,129,E
199,2,130,A
200,2,131,E
201,2,132,M
202,2,133,G
203,2,134,C
204,2,135,A
205,2,136,T
206,2,137,L
207,2,138,D
208,2,139,N
209,2,140,T
210,2,141,P
211,2,142,S
212,2,143,S
213,2,144,A
214,2,145,E
215,2,146,L
216,2,147,L
217,2,148,G
218,2,149,G
219,2,150,D
220,2,151,S
221,2,152,A
222,2,153,K
223,2,154,E
224,2,155,F
225,2,156,A
226,2,157,D
227,2,158,K
228,2,159,P
229,2,160,V
230,2,161,A
231,2,162,S
232,2,163,G
233,2,164,S
234,2,165,N
235,2,166,K
236,2,167,L
237,2,168,V
238,2,169,Q
239,2,170,R
240,2,171,V
241,2,172,V
242,2,173,Y
243,2,174,N
244,2,175,A
245,2,176,G
246,2,177,M
247,2,178,G
248,2,179,V
249,2,180,G
250,2,181,V
251,2,182,G
252,2,183,N
253,2,184,L
254,2,185,T
255,2,186,I
256,2,187,F
257,2,188,P
258,2,189,H
259,2,190,Q
260,2,191,W
261,2,192,I
262,2,193,N
263,2,194,L
264,2,195,R
265,2,196,T
266,2,197,N
267,2,198,N
268,2,199,S
269,2,200,A
270,2,201,T
271,2,202,I
272,2,203,V
273,2,204,M
274,2,205,P
275,2,206,Y
276,2,207,T
277,2,208,N
278,2,209,S
279,2,210,V
280,2,211,P
281,2,212,M
282,2,213,D
283,2,214,N
284,2,215,M
285,2,216,F
286,2,217,R
287,2,218,H
288,2,219,N
289,2,220,N
290,2,221,V
291,2,222,T
292,2,223,L
293,2,224,M
294,2,225,V
295,2,226,I
296,2,227,P
297,2,228,F
298,2,229,V
299,2,230,P
300,2,231,L
301,2,232,D
302,2,233,Y
303,2,234,C
304,2,235,P
305,2,236,G
306,2,237,S
307,2,238,T
308,2,239,T
309,2,240,Y
310,2,241,V
311,2,242,P
312,2,243,I
313,2,244,T
314,2,245,V
315,2,246,T
316,2,247,I
317,2,248,A
318,2,249,P
319,2,250,M
320,2,251,C
321,2,252,A
322,2,253,E
323,2,254,Y
324,2,255,N
325,2,256,G
326,2,257,L
327,2,258,R
328,2,259,L
329,2,260,A
330,2,261,G
331,2,262,H
332,2,263,Q
333,3,1,G
334,3,2,L
335,3,3,P
336,3,4,T
337,3,5,M
338,3,6,N
339,3,7,T
340,3,8,P
341,3,9,G
342,3,10,S
343,3,11,C
344,3,12,Q
345,3,13,F
346,3,14,L
347,3,15,T
348,3,16,S
349,3,17,D
350,3,18,D
351,3,19,F
352,3,20,Q
353,3,21,S
354,3,22,P
355,3,23,S
356,3,24,A
357,3,25,M
358,3,26,P
359,3,27,Q
360,3,28,Y
361,3,29,D
362,3,30,V
363,3,31,T
364,3,32,P
365,3,33,E
366,3,34,M
367,3,35,R
368,3,36,I
369,3,37,P
370,3,38,G
371,3,39,E
372,3,40,V
373,3,41,K
374,3,42,N
375,3,43,L
376,3,44,M
377,3,45,E
378,3,46,I
379,3,47,A
380,3,48,E
381,3,49,V
382,3,50,D
383,3,51,S
384,3,52,V
385,3,53,V
386,3,54,P
387,3,55,V
388,3,56,Q
389,3,57,N
390,3,58,V
391,3,59,G
392,3,60,E
393,3,61,K
394,3,62,V
395,3,63,N
396,3,64,S
397,3,65,M
398,3,66,E
399,3,67,A
400,3,68,Y
401,3,69,Q
402,3,70,I
403,3,71,P
404,3,72,V
405,3,73,R
406,3,74,S
407,3,75,N
408,3,76,E
409,3,77,G
410,3,78,S
411,3,79,G
412,3,80,T
413,3,81,Q
414,3,82,V
415,3,83,F
416,3,84,G
417,3,85,F
418,3,86,P
419,3,87,L
420,3,88,Q
421,3,89,P
422,3,90,G
423,3,91,Y
424,3,92,S
425,3,93,S
426,3,94,V
427,3,95,F
428,3,96,S
429,3,97,R
430,3,98,T
431,3,99,L
432,3,100,L
433,3,101,G
434,3,102,E
435,3,103,I
436,3,104,L
437,3,105,N
438,3,106,Y
439,3,107,Y
440,3,108,T
441,3,109,H
442,3,110,W
443,3,111,S
444,3,112,G
445,3,113,S
446,3,114,I
447,3,115,K
448,3,116,L
449,3,117,T
450,3,118,F
451,3,119,M
452,3,120,F
453,3,121,C
454,3,122,G
455,3,123,S
456,3,124,A
457,3,125,M
458,3,126,A
459,3,127,T
460,3,128,G
461,3,129,K
462,3,130,F
463,3,131,L
464,3,132,L
465,3,133,A
466,3,134,Y
467,3,135,S
468,3,136,P
469,3,137,P
470,3,138,G
471,3,139,A
472,3,140,G
473,3,141,A
474,3,142,P
475,3,143,T
476,3,144,K
477,3,145,R
478,3,146,V
479,3,147,D
480,3,148,A
481,3,149,M
482,3,150,L
483,3,151,G
484,3,152,T
485,3,153,H
486,3,154,V
487,3,155,I
488,3,156,W
489,3,157,D
490,3,158,V
491,3,159,G
492,3,160,L
493,3,161,Q
494,3,162,S
495,3,163,S
496,3,164,C
497,3,165,V
498,3,166,L
499,3,167,C
500,3,168,I
501,3,169,P
502,3,170,W
503,3,171,I
504,3,172,S
505,3,173,Q
506,3,174,T
507,3,175,H
508,3,176,Y
509,3,177,R
510,3,178,F
511,3,179,V
512,3,180,A
513,3,181,S
514,3,182,D
515,3,183,E
516,3,184,Y
517,3,185,T
518,3,186,A
519,3,187,G
520,3,188,G
521,3,189,F
522,3,190,I
523,3,191,T
524,3,192,C
525,3,193,W
526,3,194,Y
527,3,195,Q
528,3,196,T
529,3,197,N
530,3,198,I
531,3,199,V
532,3,200,V
533,3,201,P
534,3,202,A
535,3,203,D
536,3,204,A
537,3,205,Q
538,3,206,S
539,3,207,S
540,3,208,C
541,3,209,Y
542,3,210,I
543,3,211,M
544,3,212,C
545,3,213,F
546,3,214,V
547,3,215,S
548,3,216,A
549,3,217,C
550,3,218,N
551,3,219,D
552,3,220,F
553,3,221,S
554,3,222,V
555,3,223,R
556,3,224,L
557,3,225,L
558,3,226,K
559,3,227,D
560,3,228,T
561,3,229,P
562,3,230,F
563,3,231,I
564,3,232,S
565,3,233,Q
566,3,234,Q
567,3,235,N
568,3,236,F
569,3,237,F
570,3,238,Q
571,1,1,G
572,1,2,P
573,1,3,V
574,1,4,E
575,1,5,D
576,1,6,A
577,1,7,I
578,1,8,T
579,1,9,A
580,1,10,A
581,1,11,I
582,1,12,G
583,1,13,R
584,1,14,V
585,1,15,A
586,1,16,D
587,1,17,T
588,1,18,V
589,1,19,G
590,1,20,T
591,1,21,G
592,1,22,P
593,1,23,T
594,1,24,N
595,1,25,S
596,1,26,E
597,1,27,A
598,1,28,I
599,1,29,P
600,1,30,A
601,1,31,L
602,1,32,T
603,1,33,A
604,1,34,A
605,1,35,E
606,1,36,T
607,1,37,G
608,1,38,H
609,1,39,T
610,1,40,S
611,1,41,Q
612,1,42,V
613,1,43,V
614,1,44,P
615,1,45,G
616,1,46,D
617,1,47,T
618,1,48,M
619,1,49,Q
620,1,50,T
621,1,51,R
622,1,52,H
623,1,53,V
624,1,54,K
625,1,55,N
626,1,56,Y
627,1,57,H
628,1,58,S
629,1,59,R
630,1,60,S
631,1,61,E
632,1,62,S
633,1,63,T
634,1,64,I
635,1,65,E
636,1,66,N
637,1,67,F
638,1,68,L
639,1,69,C
640,1,70,R
641,1,71,S
642,1,72,A
643,1,73,C
644,1,74,V
645,1,75,Y
646,1,76,F
647,1,77,T
648,1,78,E
649,1,79,Y
650,1,80,K
651,1,81,N
652,1,82,S
653,1,83,G
654,1,84,A
655,1,85,K
656,1,86,R
657,1,87,Y
658,1,88,A
659,1,89,E
660,1,90,W
661,1,91,V
662,1,92,L
663,1,93,T
664,1,94,P
665,1,95,R
666,1,96,Q
667,1,97,A
668,1,98,A
669,1,99,Q
670,1,100,L
671,1,101,R
672,1,102,R
673,1,103,K
674,1,104,L
675,1,105,E
676,1,106,F
677,1,107,F
678,1,108,T
679,1,109,Y
680,1,110,V
681,1,111,R
682,1,112,F
683,1,113,D
684,1,114,L
685,1,115,E
686,1,116,L
687,1,117,T
688,1,118,F
689,1,119,V
690,1,120,I
691,1,121,T
692,1,122,S
693,1,123,T
694,1,124,Q
695,1,125,Q
696,1,126,P
697,1,127,S
698,1,128,T
699,1,129,T
700,1,130,Q
701,1,131,N
702,1,132,Q
703,1,133,D
704,1,134,A
705,1,135,Q
706,1,136,I
707,1,137,L
708,1,138,T
709,1,139,H
710,1,140,Q
711,1,141,I
712,1,142,M
713,1,143,Y
714,1,144,V
715,1,145,P
716,1,146,P
717,1,147,G
718,1,148,G
719,1,149,P
720,1,150,V
721,1,151,P
722,1,152,D
723,1,153,K
724,1,154,V
725,1,155,D
726,1,156,S
727,1,157,Y
728,1,158,V
729,1,159,W
730,1,160,Q
731,1,161,T
732,1,162,S
733,1,163,T
734,1,164,N
735,1,165,P
736,1,166,S
737,1,167,V
738,1,168,F
739,1,169,W
740,1,170,T
741,1,171,E
742,1,172,G
743,1,173,N
744,1,174,A
745,1,175,P
746,1,176,P
747,1,177,R
748,1,178,M
749,1,179,S
750,1,180,I
751,1,181,P
752,1,182,F
753,1,183,L
754,1,184,S
755,1,185,I
756,1,186,G
757,1,187,N
758,1,188,A
759,1,189,Y
760,1,190,S
761,1,191,N
762,1,192,F
763,1,193,Y
764,1,194,D
765,1,195,G
766,1,196,W
767,1,197,S
768,1,198,E
769,1,199,F
770,1,200,S
771,1,201,R
772,1,202,N
773,1,203,G
774,1,204,V
775,1,205,Y
776,1,206,G
777,1,207,I
778,1,208,N
779,1,209,T
780,1,210,L
781,1,211,N
782,1,212,N
783,1,213,M
784,1,214,G
785,1,215,T
786,1,216,L
787,1,217,Y
788,1,218,A
789,1,219,R
790,1,220,H
791,1,221,V
792,1,222,N
793,1,223,A
794,1,224,G
795,1,225,S
796,1,226,T
797,1,227,G
798,1,228,P
799,1,229,I
800,1,230,K
801,1,231,S
802,1,232,T
803,1,233,I
804,1,234,R
805,1,235,I
806,1,236,Y
807,1,237,F
808,1,238,K
809,1,239,P
810,1,240,K
811,1,241,H
812,1,242,V
813,1,243,K
814,1,244,A
815,1,245,W
816,1,246,I
817,1,247,P
818,1,248,R
819,1,249,P
820,1,250,P
821,1,251,R
822,1,252,L
823,1,253,C
824,1,254,Q
825,1,255,Y
826,1,256,E
827,1,257,K
828,1,258,A
829,1,259,K
830,1,260,N
831,1,261,V
832,1,262,N
833,1,263,F
834,1,264,Q
835,1,265,P
836,1,266,S
837,1,267,G
838,1,268,V
839,1,269,T
840,1,270,T
841,1,271,T
842,1,272,R
843,1,273,Q
844,1,274,S
845,1,275,I
846,1,276,T
847,1,277,T
848,1,278,M
849,1,279,T
850,1,280,N
851,1,281,T
