site,h8,h112,h4,h87,h39,h46,h19,h75,ss,sum,epitope
143,0,0,0,0,2.916346222,0,0,3.397782183,VP2_BCloop,6.314128405,canyon_outer_surface
208,0,0,0,0,0,3.484261668,0,0,VP2_EFloop,3.484261668,canyon_outer_surface
212,0,0,0,0,0,0,3.327948203,0,VP2_EFhelix,3.327948203,canyon_outer_surface
213,0,0,0,7.916595128,0,0,0,3.441741704,VP2_EFhelix,11.35833683,canyon_outer_surface
221,12.16280334,0,0,0,0,5.233692977,0,3.275222834,VP2_EFloop,20.67171915,canyon_outer_surface
222,0,0,0,8.118306813,0,0,0,0,VP2_EFloop,8.118306813,canyon_outer_surface
225,22.65378926,0,0,0,0,0,2.702528551,0,VP2_EFloop,25.35631781,canyon_outer_surface
227,31.10957005,0,0,0,0,0,5.35217416,0,VP2_EFloop,36.46174421,canyon_outer_surface
230,21.68759287,0,0,6.081993055,0,0,0,0,VP2_EFloop,27.76958593,canyon_outer_surface
231,0,0,0,0,0,0,3.088651512,0,VP2_EFloop,3.088651512,canyon_outer_surface
239,5.705567547,0,0,0,0,0,0,0,VP2_EFloop,5.705567547,canyon_outer_surface
242,0,0,0,0,0,0,3.011825086,0,VP2_EFhelix,3.011825086,canyon_outer_surface
309,0,0,4.424999336,0,4.55573498,5.269293948,0,0,VP2_HIloop,14.25002826,canyon_outer_surface
331,0,0,0,0,0,0,2.969526239,0,VP2_Ctermloop,2.969526239,canyon_outer_surface
388,0,0,0,0,0,0,2.787074836,0,VP3_ABloop,2.787074836,canyon_outer_surface
390,0,0,0,0,2.801174678,0,0,0,VP3_ABloop,2.801174678,canyon_outer_surface
401,0,0,0,0,0,0,3.97340095,0,VP3_ABloop,3.97340095,canyon_outer_surface
410,0,0,0,0,0,0,2.652945514,3.592163035,VP3_BCloop,6.245108549,threefold_plateau
418,0,0,0,6.236153566,0,0,0,0,VP3_C,6.236153566,canyon_inner_surface
423,0,0,9.060338633,0,0,0,0,0,VP3_CDloop,9.060338633,canyon_inner_surface
473,0,17.1094956,0,0,0,0,0,0,VP3_EFloop,17.1094956,threefold_plateau
475,0,7.216247753,0,0,0,0,0,3.140965864,VP3_EFloop,10.35721362,threefold_plateau
476,0,9.578047325,0,0,0,0,0,0,VP3_EFloop,9.578047325,threefold_plateau
512,0,0,14.11248317,0,0,0,3.063812284,5.869471018,VP3_G2Hloop,23.04576647,canyon_inner_surface
513,0,0,0,12.26924942,0,0,0,0,VP3_G2Hloop,12.26924942,canyon_inner_surface
515,0,0,0,5.464859418,0,0,0,0,VP3_G2Hloop,5.464859418,canyon_inner_surface
524,0,0,0,5.413704112,0,0,0,0,VP3_H,5.413704112,threefold_plateau
535,0,0,0,0,0,5.347130169,0,0,VP3_HIoop,5.347130169,threefold_plateau
536,0,0,0,5.726322278,0,0,0,0,VP3_HIoop,5.726322278,threefold_plateau
561,0,0,0,0,0,3.179731649,0,0,VP3_Ctermloop,3.179731649,canyon_inner_surface
564,0,0,6.287597546,0,0,0,0,0,VP3_Ctermloop,6.287597546,canyon_inner_surface
647,0,0,0,0,2.669978906,0,0,0,VP1_B,2.669978906,canyon_northern_rim
648,0,0,0,0,3.503561592,0,0,0,VP1_B,3.503561592,canyon_northern_rim
650,0,5.389108627,0,0,2.557006329,0,0,0,VP1_B,7.946114956,canyon_northern_rim
652,0,0,0,0,3.482227587,0,0,0,VP1_BCloop,3.482227587,canyon_northern_rim
656,0,0,0,0,2.866174836,0,0,0,VP1_BCloop,2.866174836,canyon_northern_rim
661,0,0,5.172799021,0,0,0,0,4.597461161,VP1_C,9.770260182,canyon_inner_surface
666,0,0,5.666958291,0,0,0,0,0,VP1_CDloop,5.666958291,canyon_inner_surface
693,0,0,5.170027292,0,0,0,0,0,VP1_D,5.170027292,canyon_northern_rim
694,0,0,4.548422044,0,3.814247631,4.406018956,0,5.29738675,VP1_D,18.06607538,canyon_northern_rim
695,0,0,0,0,2.777324518,0,0,0,VP1_DEloop,2.777324518,canyon_northern_rim
696,0,0,5.398592231,0,2.516743482,0,0,4.032381075,VP1_DEloop,11.94771679,canyon_northern_rim
698,0,0,0,0,0,0,0,3.413389059,VP1_DEloop,3.413389059,canyon_northern_rim
699,0,0,5.150854055,0,0,6.04364345,0,0,VP1_DEloop,11.19449751,canyon_northern_rim
700,0,0,0,0,6.277313866,4.297941096,0,0,VP1_DEloop,10.57525496,canyon_northern_rim
701,0,0,8.408873991,0,4.672178468,6.010811884,0,0,VP1_DEloop,19.09186434,canyon_northern_rim
702,0,0,6.978950445,0,7.057658251,7.299946431,0,3.739098453,VP1_DEloop,25.07565358,canyon_northern_rim
703,0,0,5.457547597,0,2.581450775,7.434190451,0,0,VP1_DEloop,15.47318882,canyon_northern_rim
704,0,0,5.129249289,0,0,4.106689805,0,0,VP1_DEloop,9.235939094,canyon_northern_rim
705,0,0,7.523188979,0,3.764745192,0,0,0,VP1_DEloop,11.28793417,canyon_northern_rim
706,0,0,4.263095093,0,0,0,2.765644055,0,VP1_DEloop,7.028739148,canyon_northern_rim
722,0,0,0,0,3.165578146,0,0,0,VP1_EFloop,3.165578146,canyon_northern_rim
723,0,0,8.107596014,0,3.227031299,0,3.92753277,3.126544216,VP1_EFloop,18.3887043,canyon_northern_rim
724,0,0,5.93093182,0,0,3.564320017,0,0,VP1_EFloop,9.495251837,canyon_northern_rim
740,0,0,4.551718757,0,0,0,0,0,VP1_F,4.551718757,canyon_northern_rim
742,0,0,0,0,0,4.152439278,0,0,VP1_FG1loop,4.152439278,canyon_northern_rim
772,0,0,0,0,0,0,2.637928663,0,VP1_G2Hloop,2.637928663,canyon_inner_surface
774,0,0,0,0,2.529660183,0,0,0,VP1_G2Hloop,2.529660183,canyon_inner_surface
779,0,0,4.581441929,0,0,0,0,0,VP1_G2Hhelix,4.581441929,canyon_inner_surface
782,0,0,4.486156728,0,0,0,0,0,VP1_G2Hloop,4.486156728,canyon_inner_surface
790,0,0,0,0,2.920716819,0,0,0,VP1_H,2.920716819,canyon_northern_rim
793,0,0,0,0,3.024030461,0,0,0,VP1_HIloop,3.024030461,canyon_northern_rim
796,0,0,5.516282089,0,0,0,0,0,VP1_HIloop,5.516282089,canyon_northern_rim
797,0,0,4.370217221,0,6.523803434,3.191623647,0,0,VP1_HIloop,14.0856443,canyon_northern_rim
798,0,0,7.473210864,0,3.668831076,3.03733961,0,0,VP1_HIloop,14.17938155,canyon_northern_rim
800,0,4.430594637,0,0,0,0,0,3.84427906,VP1_I,8.274873697,canyon_northern_rim
802,0,0,4.347850042,0,0,0,0,0,VP1_I,4.347850042,canyon_northern_rim
827,0,0,10.01784471,0,0,0,0,3.269564396,VP1_Ctermloop,13.28740911,canyon_outer_surface
829,0,0,7.904579982,0,0,3.481415792,0,5.150710189,VP1_Ctermloop,16.53670596,canyon_outer_surface
831,0,0,0,0,0,2.92114109,0,0,VP1_Ctermloop,2.92114109,canyon_outer_surface
840,0,0,0,0,2.606829349,0,0,3.55805661,VP1_Ctermloop,6.164885959,canyon_outer_surface
843,0,0,0,5.561680259,0,0,0,3.801253779,VP1_Ctermloop,9.362934038,canyon_outer_surface
846,0,0,0,0,0,0,2.801141091,0,VP1_Ctermloop,2.801141091,canyon_outer_surface
847,0,4.992803883,0,8.602896333,0,0,0,0,VP1_Ctermloop,13.59570022,canyon_outer_surface
848,0,7.763473049,0,0,0,0,0,0,VP1_Ctermloop,7.763473049,canyon_outer_surface
849,0,0,0,0,0,0,4.492792627,0,VP1_Ctermloop,4.492792627,canyon_outer_surface