site,abs_diffsel,positive_diffsel,negative_diffsel,max_diffsel,min_diffsel
566,30.72432724888417,0.0,-30.72432724888417,0.0,-5.164245383004854
395,27.239004542062514,0.0,-27.239004542062514,0.0,-6.075989263696809
837,25.944130465982173,0.0,-25.944130465982173,0.0,-3.936448147382853
235,25.916695852288925,0.1752011519430283,-25.741494700345896,0.1752011519430283,-4.542391082177714
206,25.467760259204915,0.7301227711298536,-24.737637488075062,0.38904796765061594,-5.555100346707959
827,23.90545233870645,0.0,-23.90545233870645,0.0,-5.71753688506813
391,18.817282493596846,1.3804627977504538,-17.436819695846392,0.8468696696873798,-6.075963349268114
824,16.02571669581637,0.13383877660467866,-15.891877919211696,0.13383877660467866,-4.920265429761023
836,13.808760027310203,0.0,-13.808760027310203,0.0,-3.8568314288395538
211,13.32419722984731,1.9669544897338949,-11.357242740113417,1.0157283638856813,-4.147241439664331
826,12.622581709718254,0.30499855747300925,-12.317583152245245,0.30499855747300925,-4.285470803831921
207,12.1369619252452,0.0,-12.1369619252452,0.0,-4.600187075309855
841,11.836206737634743,0.7513568983501784,-11.084849839284564,0.7513568983501784,-3.9032240871762407
840,11.59344297448658,2.055184528871246,-9.538258445615336,1.10770711734476,-4.077854559643365
16,11.463661494783148,3.093019829284657,-8.370641665498491,1.4777742217310355,-5.163631332285349
849,9.767136352171747,5.179014811912292,-4.588121540259456,2.232973569282299,-1.4408228815413597
829,9.506270749439004,6.332362781370379,-3.173907968068627,1.9707913994084587,-1.4299381534927331
213,8.97809901551913,5.201779929555745,-3.7763190859633844,2.3086484963516516,-1.0239971381252788
847,8.679772983351539,1.941201283639018,-6.738571699712522,0.8488753216395564,-1.6255741888112791
650,8.625961876014479,2.6690486431302247,-5.956913232884256,1.4962918924903086,-1.2216437242564133
212,8.583153553999509,4.697470458780436,-3.8856830952190733,2.161387938440245,-1.1114187717462474
573,7.467329451511335,4.529614610117674,-2.937714841393661,2.1382842529584405,-0.7997115878421428
373,7.210001150375536,0.5738888780182659,-6.636112272357271,0.5738888780182659,-5.083521370476591
401,7.203034998035471,4.987916462412125,-2.2151185356233465,3.914807032810817,-0.7443815697865717
112,6.852893570982821,3.871709737499212,-2.9811838334836094,2.191281728110126,-0.5862346498191846
723,6.819149690785837,5.706196270730475,-1.1129534200553624,1.766921656650797,-0.7050145057804329
576,6.808090575871028,1.47766108632584,-5.330429489545189,1.1652749761686008,-1.657429572015549
774,6.370456446397298,1.1360856151743444,-5.234370831222953,1.1360856151743444,-1.3879639631338052
700,6.328818821224501,1.9760709266157903,-4.352747894608711,1.0801963866247575,-1.459193913949002
846,6.2506610375373235,5.047920794613162,-1.2027402429241603,2.2615160133263377,-0.5321905321446578
843,6.122716071288152,0.4108072148264038,-5.711908856461748,0.4108072148264038,-1.26131944557468
320,6.011481875333544,5.036355829789887,-0.975126045543657,2.3246390820011014,-0.4392344955932331
831,5.965911302204567,2.1374994096718343,-3.828411892532732,2.1374994096718343,-1.2277202811841346
331,5.885929171155949,4.4320193178680425,-1.4539098532879062,1.5084996660608958,-0.6177671356139162
567,5.842578139089742,0.801289083767461,-5.041289055322281,0.801289083767461,-1.4083112399801765
698,5.781423004752658,1.7166245284950736,-4.064798476257583,1.572581867832464,-1.1533077339844922
772,5.751126698744998,3.182439757654553,-2.568686941090446,1.5719884726738196,-0.9262658917158068
800,5.6641192751154925,1.8023201449231547,-3.861799130192337,1.0454551940997465,-0.6326167110128912
844,5.598394328997598,4.478612761223463,-1.1197815677741354,2.3101651933669904,-0.5061369182688462
21,5.59034272874202,1.1903237652695706,-4.40001896347245,1.1903237652695706,-1.851443594246033
220,5.512135444823617,2.8588690649171173,-2.6532663799064986,2.2394613671919097,-0.5257424440979342
572,5.414103579675124,3.3626438132090164,-2.051459766466107,1.5399839701365448,-0.47004895907752625
231,5.312682016660086,1.8430012716870492,-3.469680744973039,1.3102918129919532,-0.9765632833936302
777,5.308562775870127,1.80206251556687,-3.506500260303255,1.4417235625377014,-2.471709100020143
236,5.2570143906599665,0.0,-5.2570143906599665,0.0,-1.3629459537923951
655,4.958810655710348,3.217929121052204,-1.7408815346581425,1.2583462394492142,-0.8348769002402017
413,4.932948500966496,1.1370564603778903,-3.795892040588605,1.1370564603778903,-1.3398935146348299
597,4.8478035868332485,3.353516360744312,-1.4942872260889364,1.8580795636263352,-0.5309464179491137
15,4.843792218721499,0.9672004842623735,-3.8765917344591263,0.847745025469816,-1.8837033843615896
664,4.810288077119066,4.135263307620623,-0.6750247694984431,1.9931483395864638,-0.22207733118264703
475,4.777275674159903,2.757116283477652,-2.0201593906822524,1.6216799160318116,-0.8502169336811263
47,4.714363753087569,0.9261997934877138,-3.788163959599855,0.9261997934877138,-1.700972871459059
51,4.704642846716334,4.534936065823205,-0.16970678089312843,1.9959138024503462,-0.08497201656597839
209,4.5762057283887305,1.7100817954663212,-2.86612393292241,1.5736505517257058,-1.5632678364411214
512,4.541931501706453,3.547083326194007,-0.9948481755124465,2.4596471646845437,-0.2541321976853996
828,4.304007100464593,1.4390508549241314,-2.8649562455404607,1.4390508549241314,-1.203668623690762
513,4.23693630896884,0.5966282603037487,-3.6403080486650916,0.5966282603037487,-0.8934768273054083
539,4.230206220521974,0.39605866689311287,-3.8341475536288616,0.39605866689311287,-3.1485519842439573
410,4.228684146796238,2.368071035014848,-1.8606131117813893,2.360883761902536,-0.6683378945463907
575,4.225223061494271,2.206883515033376,-2.018339546460897,1.0095513251551018,-0.79462272398519
145,4.168378147667573,2.728699290601849,-1.439678857065724,1.585354984942679,-0.5095372321086047
834,4.125383715305172,0.0,-4.125383715305172,0.0,-0.834195489423686
661,4.101745730480027,0.6786235968474434,-3.4231221336325834,0.6786235968474434,-0.8844729395534968
579,4.08657447043454,0.8601401176715406,-3.226434352762999,0.5109913037853042,-0.9467298009444689
651,4.085202021829172,4.085202021829172,0.0,2.170248692601931,0.0
593,4.035362198664169,1.9305428077371272,-2.1048193909270423,0.9743623605780264,-1.1059643208545646
394,3.9556417356062283,0.0,-3.9556417356062283,0.0,-2.047496919758662
830,3.936132419719909,1.4515433025465418,-2.4845891171733667,1.4515433025465418,-1.261136284226157
652,3.9196529531650905,0.0,-3.9196529531650905,0.0,-0.563308608847735
581,3.9079376747734242,0.308035915566952,-3.5999017592064724,0.308035915566952,-1.1413742232488346
699,3.868370289452136,0.0,-3.868370289452136,0.0,-0.9778770700024317
234,3.817643056173678,0.7574351222792483,-3.06020793389443,0.7574351222792483,-1.6145547183406577
574,3.801617546923533,1.5201426495061785,-2.2814748974173544,1.5196628421206468,-1.2664752446210994
330,3.7572190707679622,0.9545854337641346,-2.8026336370038276,0.6785646810275416,-0.45907507992380825
580,3.7462567606074755,1.5034614025318243,-2.2427953580756506,1.3286897001566038,-0.5656625297545976
26,3.678748166816666,2.5088947946630786,-1.1698533721535873,2.498122746486011,-0.45580453241697794
177,3.658579311310343,3.2120978614596756,-0.4464814498506675,2.6975572045081098,-0.306832587243872
154,3.6145351331662527,1.5770852139736926,-2.03744991919256,1.5768896641265067,-1.439009485326479
242,3.6131048183156893,2.0700589487326866,-1.5430458695830025,1.058911973762956,-0.8335030916486432
537,3.6105364794628976,0.0,-3.6105364794628976,0.0,-2.0189494556283223
845,3.5781672453899582,2.685684792671016,-0.8924824527189417,2.678579430949863,-0.5343312067730115
577,3.5706821885338202,2.1233363997168215,-1.447345788816999,1.7659261371887425,-0.4674471429633883
848,3.5359566458483913,0.0,-3.5359566458483913,0.0,-0.8819559756128873
596,3.4537026736520686,1.5975225942531672,-1.8561800793989014,1.5434424601333712,-1.6331789859196375
139,3.4408720258126917,0.29308015217513944,-3.1477918736375528,0.29308015217513944,-0.7376275235054472
24,3.3240096284616145,0.0,-3.3240096284616145,0.0,-0.5064067199601229
250,3.2673874203749405,2.3842652122787187,-0.8831222080962221,2.0121869807034964,-0.4260541010617648
388,3.263206744823453,2.823141740769254,-0.440065004054199,2.796229677898549,-0.11988382797373723
230,3.259771210290679,0.0,-3.259771210290679,0.0,-0.8357328799356674
40,3.224546372535456,0.0,-3.224546372535456,0.0,-3.1090869734236444
706,3.1177609844860927,2.0641065988371987,-1.0536543856488938,1.1815996997067577,-0.2675819180087507
237,3.058168031976002,2.032404007791478,-1.0257640241845245,2.0255609253179285,-0.43354994261244784
770,3.019875002474429,0.7294627997209805,-2.290412202753449,0.7294627997209805,-0.5317391309845927
22,2.996489299258651,0.9557510236387848,-2.040738275619866,0.9557510236387848,-0.9333870469392636
20,2.9887975207462874,1.0322245535276648,-1.956572967218623,1.0312536311169247,-0.6876213827402151
541,2.977601543821362,0.9699563336756823,-2.007645210145679,0.9696062510653296,-0.6582312255072749
782,2.956175122100967,1.815195275339339,-1.140979846761628,1.1042809378529226,-0.3439719064783648
402,2.929467714818162,2.850779756871078,-0.07868795794708358,1.700457157988365,-0.07868795794708358
225,2.901925794344282,1.6587440176617967,-1.2431817766824862,1.4060805585719216,-0.617350338413558
109,2.901438795713859,2.4348311926634034,-0.46660760305045523,1.2925821345390607,-0.16747190112254795
416,2.837294274038804,2.3818261128487896,-0.4554681611900146,1.6785686667546889,-0.41625151220978523
233,2.8219945183659183,0.38379436179955434,-2.438200156566364,0.38379436179955434,-0.9881365002424884
425,2.8099265632173998,0.0,-2.8099265632173998,0.0,-0.9834718904027988
476,2.763817758431107,0.5344262807824509,-2.2293914776486563,0.5344262807824509,-0.48920158957550314
166,2.7564158119628646,0.14883301321043454,-2.6075827987524303,0.11869989085596727,-0.8237371723457312
7,2.731429130908514,0.0934153272466254,-2.6380138036618885,0.0934153272466254,-0.4844031166145295
538,2.685248911295674,1.4486404399142496,-1.2366084713814236,1.4486404399142496,-0.6155527426627149
423,2.6777210113440826,0.0,-2.6777210113440826,0.0,-1.1190858246112012
143,2.6744164995151847,1.4922652952271453,-1.1821512042880389,1.4892478470337258,-0.2352881489773079
227,2.648675567292354,0.6848207164798222,-1.9638548508125317,0.6848207164798222,-0.670460076534455
195,2.629200574691083,1.7576837108786092,-0.8715168638124744,1.2632949802389717,-0.5787964254370594
663,2.5729241019463758,2.1892869781219604,-0.3836371238244153,2.1760363529135867,-0.15199653088885068
624,2.554309272511225,0.46925862216399705,-2.0850506503472275,0.46925862216399705,-0.7234584269419051
515,2.5126047141762755,1.235335967390856,-1.277268746785419,1.2332400748156789,-0.4999712383914865
583,2.3906465063744182,0.8479032643673665,-1.5427432420070517,0.8479032643673665,-0.5695568569499403
564,2.3240057468287687,1.3511301705094725,-0.9728755763192961,0.599119959989257,-0.5248742631270809
704,2.3204124124882295,1.5763772030066765,-0.7440352094815519,1.3083544191424654,-0.5818149265787411
291,2.280790501770661,2.280790501770661,0.0,2.263968937198892,0.0
55,2.280050223397427,1.1386015842237318,-1.1414486391736953,1.137587989940227,-0.4476766789378445
497,2.2775395030793457,2.199549170759311,-0.07799033232003504,2.1850440735137586,-0.07799033232003504
701,2.271141395972724,1.2997036650506992,-0.971437730922025,1.2975934837931422,-0.49012638765220745
18,2.2695621421733017,0.2628061312302295,-2.006756010943072,0.2628061312302295,-0.9523110126246328
813,2.244105885936639,0.1969599016250323,-2.047145984311607,0.1969599016250323,-1.1116884429206888
197,2.2410507788308807,1.8550665452475907,-0.3859842335832905,1.8484682158011259,-0.1431984198923456
779,2.2352733401703837,1.9846214504554733,-0.25065188971491126,1.138214589974359,-0.08337926221920658
518,2.228049361977278,1.6224783655990822,-0.605570996378196,0.9603148486734415,-0.2922455290819895
851,2.1573516707469915,0.0,-2.1573516707469915,0.0,-0.7758923989304727
241,2.1511135569022577,1.8899133103909929,-0.2612002465112642,1.8818527802050928,-0.12956546566082291
540,2.1300898842903595,0.9587592502911828,-1.1713306339991767,0.9587592502911828,-1.1291146541844528
72,2.1113781491035093,0.0,-2.1113781491035093,0.0,-2.0537475840429598
390,2.0996175054890327,0.0,-2.0996175054890327,0.0,-0.8929604433962564
114,2.0796119717088333,0.0,-2.0796119717088333,0.0,-0.9407927009832693
569,2.068662344678764,0.0,-2.068662344678764,0.0,-0.7786054705508338
578,2.0675201914418753,1.1481866620708427,-0.919333529371033,1.0901504227596719,-0.6537389224422222
742,2.053109046420062,1.0004468672626106,-1.0526621791574509,1.0000343744048161,-0.6301460778699366
399,2.0433846857418243,1.5797024108144757,-0.4636822749273485,1.574292812185981,-0.22669218185673018
221,2.041419470881811,0.8793124221010387,-1.1621070487807725,0.8775768435018402,-0.347228677900951
745,1.9998030748249367,1.9573624256824418,-0.04244064914249495,1.9453416369372747,-0.04244064914249495
696,1.990019595184591,0.0,-1.990019595184591,0.0,-0.8966335056660276
618,1.9718504177009595,0.0,-1.9718504177009595,0.0,-1.8289291674826438
181,1.9426618117075105,0.0,-1.9426618117075105,0.0,-1.6965349404890044
6,1.929774463676027,0.0,-1.929774463676027,0.0,-0.7397177412285239
535,1.9243191572217422,0.48525167299909416,-1.4390674842226479,0.48525167299909416,-0.48112550533334725
4,1.916040457364258,1.1381417422393856,-0.7778987151248725,1.1375526174798924,-0.2616367489649682
496,1.883754914217163,1.1868113838779168,-0.696943530339246,1.1839407245710039,-0.696943530339246
150,1.8783024975715297,1.8290680429587685,-0.049234454612761366,1.8215259843133982,-0.049234454612761366
536,1.8635411432996263,0.9898862904080118,-0.873654852891615,0.9846456172427316,-0.45388756806849206
298,1.862022340241306,1.3362523232356436,-0.5257700170056625,1.3315841257790992,-0.2931036059722633
521,1.858824768280061,0.9489503404595807,-0.9098744278204799,0.9477763063349725,-0.44945579523808465
294,1.8524021523461889,0.26274868186327416,-1.5896534704829146,0.26274868186327416,-0.8482423634481546
505,1.8438310941361054,1.6476114453590691,-0.19621964877703651,1.3788907117707014,-0.07834889424918186
239,1.8405676192092315,0.0,-1.8405676192092315,0.0,-0.5289481563392502
124,1.8350114153608656,0.0,-1.8350114153608656,0.0,-0.9583828062419558
429,1.830318479620744,1.830318479620744,0.0,1.8180625766768632,0.0
19,1.8024057264554407,0.0,-1.8024057264554407,0.0,-1.0086787062670821
48,1.7755310040418153,1.3618990402364173,-0.41363196380539813,1.3016214433967512,-0.2833410573244049
487,1.7563630066603397,1.1403720690056522,-0.6159909376546876,1.1376722617061534,-0.4240477976179861
304,1.73680643668077,1.0731213545554883,-0.6636850821252818,0.9649193874001067,-0.26403063440590335
600,1.727262713087978,1.6382936844651186,-0.08896902862285944,0.954979201838452,-0.08896902862285944
499,1.7085518482899993,0.0,-1.7085518482899993,0.0,-1.6209292144619079
222,1.7035338575658157,0.0,-1.7035338575658157,0.0,-0.49244091462521694
446,1.6801096847045518,1.0226664902982898,-0.6574431944062621,1.0207560207482862,-0.6175458125780346
229,1.6780772334333462,0.8485101766772759,-0.8295670567560709,0.8480335687065448,-0.29771493127136733
393,1.6737170445673144,0.49156187630816495,-1.1821551682591493,0.3793611588633749,-0.6148424947860114
437,1.6488046513392287,1.265630598508812,-0.3831740528304167,1.2615720933017238,-0.2253384043419115
54,1.6311807095680657,1.6311807095680657,0.0,0.9441129752107672,0.0
793,1.6203394961229745,0.0,-1.6203394961229745,0.0,-0.4795969811600765
561,1.5720684696741012,1.002321514103416,-0.5697469555706851,1.0001658224359582,-0.17281612739147084
653,1.5716145545810907,1.4925742924536456,-0.07904026212744489,1.4858472663045597,-0.039520131063722444
654,1.567694215845644,0.0,-1.567694215845644,0.0,-0.8795232857241868
510,1.5545532137743037,1.5154187188861945,-0.039134494888109245,1.5072730646146342,-0.039134494888109245
5,1.5520453965700705,0.0,-1.5520453965700705,0.0,-0.2319680111308092
592,1.528921520959655,0.0,-1.528921520959655,0.0,-0.5034280438630026
9,1.5182558132909525,1.000603177601601,-0.5176526356893518,1.0000463982770462,-0.16965123115688593
288,1.4984085469875865,1.0736774234279005,-0.42473112355968606,0.8085351650964037,-0.15219434251525132
205,1.496924847957413,0.0,-1.496924847957413,0.0,-0.6462073271668889
65,1.4921154034920592,0.0,-1.4921154034920592,0.0,-0.23452163539858809
622,1.4901266959956043,0.21855750179368877,-1.2715691942019154,0.21855750179368877,-0.6713266997500533
613,1.4853733323922063,1.3552105280909545,-0.13016280430125168,0.7178341022536985,-0.13016280430125168
289,1.4736913078459168,0.7830089669889333,-0.6906823408569835,0.7817426665239041,-0.2705230233214445
542,1.4668425715795868,1.3849664724980246,-0.08187609908156221,1.3788913202681,-0.040938049540781105
525,1.4631987693383761,1.385350440322326,-0.0778483290160502,1.3788915575353187,-0.0778483290160502
411,1.4526709068860655,0.7700607420602106,-0.6826101648258546,0.7694096704064624,-0.22405861065808966
403,1.4495832553732173,1.0607811014737538,-0.3888021538994634,1.0585513747679953,-0.1900519543507926
369,1.4403164203675058,1.2680741612233652,-0.1722422591441406,1.2633308620331805,-0.0861211295720703
432,1.4224221199358467,1.231221935639869,-0.1912001842959778,1.226603499981473,-0.15190812327225678
694,1.4205383566441496,0.0,-1.4205383566441496,0.0,-0.7340254036842241
473,1.4177169310811122,0.0,-1.4177169310811122,0.0,-0.29633175750135027
265,1.3853995099066554,1.3853995099066554,0.0,1.3788741436038838,0.0
386,1.384457122031159,1.342554111307668,-0.04190301072349093,1.336608612530239,-0.04190301072349093
162,1.3834503448789326,0.9450505184903162,-0.4383998263886165,0.9426182539548885,-0.14412015650447899
805,1.374637724609561,0.5968818106109797,-0.7777559139985809,0.5968818106109797,-0.7358976793317344
428,1.3589940347659752,0.0,-1.3589940347659752,0.0,-0.4991221055351314
412,1.3571793378181838,0.0,-1.3571793378181838,0.0,-0.9636576874188527
84,1.338993178556027,0.0,-1.338993178556027,0.0,-1.25140724250805
595,1.3328929435931827,0.0,-1.3328929435931827,0.0,-0.7393463514669188
396,1.326151676662001,0.0,-1.326151676662001,0.0,-0.8530360332397592
500,1.287387846318319,1.098313563849393,-0.1890742824689263,0.6948481761667911,-0.1890742824689263
524,1.2814708005174247,0.6966266706705797,-0.584844129846845,0.6957359391455011,-0.3225031551669284
247,1.2755957920437817,0.9431171324144172,-0.3324786596293646,0.6781901887284014,-0.1662393298146823
740,1.2614274188604997,0.0,-1.2614274188604997,0.0,-0.44593302800830015
419,1.259066933137936,0.8496180166737063,-0.4094489164642302,0.8480922659737002,-0.2570476813880528
665,1.2434572752676525,1.0084945983316975,-0.23496267693595502,1.004985628077452,-0.11615290408444616
156,1.2221142051892762,0.0,-1.2221142051892762,0.0,-0.3146828790755013
338,1.2166396494192266,0.0,-1.2166396494192266,0.0,-0.3258705173555587
590,1.2117268111923347,0.0,-1.2117268111923347,0.0,-0.4328636648032514
585,1.2070581277885581,0.39587762833071066,-0.8111804994578476,0.39587762833071066,-0.3288590316956463
656,1.1989485520150638,0.8499627608713981,-0.34898579114366546,0.8481279635093799,-0.15272156152827512
778,1.1765839934868532,1.1345892813830414,-0.04199471210381181,0.8642318415860852,-0.04199471210381181
194,1.1759677912257542,0.629972450166503,-0.5459953410592515,0.6282326950277795,-0.39780200621515255
218,1.1625127575314596,0.0,-1.1625127575314596,0.0,-0.3081892459507154
458,1.161470867703107,0.770301703226209,-0.39116916447689776,0.7686061485287019,-0.39116916447689776
589,1.1601953223430406,0.0,-1.1601953223430406,0.0,-0.39743501113096913
702,1.1467952386031648,0.0,-1.1467952386031648,0.0,-0.3685222205654612
392,1.1385221704155306,0.0,-1.1385221704155306,0.0,-0.33740770645647705
10,1.1331447083158648,0.0,-1.1331447083158648,0.0,-0.43308944041544833
695,1.1195079396001684,0.5216236883686515,-0.5978842512315173,0.5215392575066803,-0.39525135486060714
278,1.10321905879421,1.063409970195017,-0.03980908859919295,1.0586915935040389,-0.03980908859919295
106,1.0987652902155862,0.0,-1.0987652902155862,0.0,-0.16561735602700983
420,1.0979378513738336,0.7494829727172103,-0.34845487865662295,0.4854949431511202,-0.15244761107825602
190,1.0661162560198172,0.0,-1.0661162560198172,0.0,-0.7695947902012589
52,1.0660022590174132,0.815750252798519,-0.2502520062188944,0.5506466743146826,-0.20659804626302058
365,1.053132281295482,0.0,-1.053132281295482,0.0,-0.5171432518955382
628,1.0416442547168618,0.6356893539270541,-0.4059549007898073,0.6347207389449491,-0.2795129844899723
69,1.0286225101800548,0.9464379337452088,-0.0821845764348459,0.9418262454604576,-0.04109228821742295
28,1.0099630316025576,0.0,-1.0099630316025576,0.0,-0.3482414123316694
408,1.0094003140305938,0.0,-1.0094003140305938,0.0,-0.4520746561620613
321,1.0058320993707621,0.178963391308541,-0.8268687080622213,0.178963391308541,-0.5434204250635168
367,0.9972766066727609,0.0,-0.9972766066727609,0.0,-0.3927355372076713
284,0.9660524891275568,0.0,-0.9660524891275568,0.0,-0.47875140077402173
713,0.9339965183362227,0.850821385756001,-0.08317513258022166,0.8481538220661196,-0.08317513258022166
768,0.9311285628226877,0.5549034712690192,-0.37622509155366857,0.5538165954503245,-0.12425530966231339
29,0.9233044180688116,0.4202329201420386,-0.5030714979267733,0.4201978040560078,-0.38687021274532035
290,0.9222120714611256,0.0,-0.9222120714611256,0.0,-0.41831472804886377
12,0.9117788322399488,0.0,-0.9117788322399488,0.0,-0.538682546478034
362,0.9063675967708938,0.27772589122353175,-0.628641705547362,0.27772589122353175,-0.20770093594671002
355,0.9028303727535132,0.0,-0.9028303727535132,0.0,-0.8113875022388948
25,0.8983574312806478,0.0,-0.8983574312806478,0.0,-0.5348632255967909
409,0.8960798008996007,0.5227155013232426,-0.37336429957635797,0.5219175214563445,-0.29327618707646674
303,0.882214681124798,0.0,-0.882214681124798,0.0,-0.2644184159701512
809,0.8805940549313421,0.4858080951095053,-0.39478595982183684,0.4854492546960808,-0.3550957840794711
617,0.8780108146554133,0.45454979140116114,-0.4234610232542525,0.4540083094700103,-0.2490238319098162
588,0.8721178903865714,0.13154189587897802,-0.7405759945075934,0.13154189587897802,-0.21287876073270584
138,0.869782341296848,0.3878003057335947,-0.48198203556325314,0.3878003057335947,-0.1890607272624772
626,0.8614343616095235,0.0,-0.8614343616095235,0.0,-0.20845681939316885
173,0.8607626976752645,0.0,-0.8607626976752645,0.0,-0.665836741082448
795,0.8402577995544205,0.8402577995544205,0.0,0.8342887119241778,0.0
243,0.8332695921352897,0.0,-0.8332695921352897,0.0,-0.6990753844094914
113,0.828431380348152,0.18363688102821613,-0.6447944993199359,0.18363688102821613,-0.3944563785939876
255,0.8262620015824916,0.262979253022688,-0.5632827485598036,0.262979253022688,-0.43935808353749667
582,0.807069227451307,0.04697956228261644,-0.7600896651686905,0.04697956228261644,-0.40362026606025286
767,0.8070611209871567,0.0,-0.8070611209871567,0.0,-0.3461132194697363
244,0.8014137191289653,0.0,-0.8014137191289653,0.0,-0.6680664815325484
835,0.7983356214063823,0.3766020749988679,-0.4217335464075143,0.3766020749988679,-0.4217058329452542
299,0.796541410149988,0.0,-0.796541410149988,0.0,-0.2943094786523339
724,0.7931113385668047,0.0,-0.7931113385668047,0.0,-0.20307895801949627
850,0.7600936261595873,0.0,-0.7600936261595873,0.0,-0.33586400671548866
544,0.7579390301563231,0.0,-0.7579390301563231,0.0,-0.19582393235902987
199,0.7455388108651338,0.0,-0.7455388108651338,0.0,-0.3583316010045008
379,0.7422210751259084,0.0,-0.7422210751259084,0.0,-0.20096174758460664
456,0.7360354012234982,0.6958957753196656,-0.04013962590383262,0.6933260169859394,-0.04013962590383262
157,0.7296822855472642,0.0,-0.7296822855472642,0.0,-0.14412286960998905
486,0.7135990804317567,0.5543821214298481,-0.15921695900190858,0.552691658601312,-0.07960847950095429
232,0.7045035846487353,0.0,-0.7045035846487353,0.0,-0.29469434096848446
530,0.6892031744147337,0.0,-0.6892031744147337,0.0,-0.6463018397531337
245,0.6828618370965284,0.0,-0.6828618370965284,0.0,-0.35153327465915857
424,0.6824169721960545,0.0,-0.6824169721960545,0.0,-0.29123521138517766
798,0.6815893798388244,0.2629983998745989,-0.4185909799642253,0.2629983998745989,-0.20488684599484916
514,0.6808105152999361,0.6808105152999361,0.0,0.6782160424909162,0.0
3,0.6695800234276079,0.0,-0.6695800234276079,0.0,-0.28939572154273807
648,0.6632141542332771,0.0,-0.6632141542332771,0.0,-0.18979063539278793
668,0.662869653962303,0.662869653962303,0.0,0.6599873596825334,0.0
45,0.6593962550399712,0.4864974701475825,-0.17289878489238858,0.4854898061689089,-0.12873803220191873
285,0.6584627863704663,0.0,-0.6584627863704663,0.0,-0.1901260530018686
634,0.6488974883213519,0.0,-0.6488974883213519,0.0,-0.200501293903006
633,0.6470865830122876,0.6046266330722916,-0.04245994993999605,0.6018229772943409,-0.04245994993999605
62,0.6425857230160261,0.0,-0.6425857230160261,0.0,-0.2726478477984861
726,0.6395899172166957,0.0,-0.6395899172166957,0.0,-0.3119968248333581
174,0.6345683230429457,0.0,-0.6345683230429457,0.0,-0.35003427755229294
737,0.6268463912999749,0.0,-0.6268463912999749,0.0,-0.38316636135100507
312,0.6108591300424885,0.0,-0.6108591300424885,0.0,-0.3703082649596027
438,0.6010243041372237,0.6010243041372237,0.0,0.5989030691507115,0.0
336,0.5819622928324766,0.0,-0.5819622928324766,0.0,-0.361026542599656
705,0.5803787112676616,0.2630271861187535,-0.3173515251489081,0.2630271861187535,-0.19628738407208318
302,0.5800002193194012,0.0,-0.5800002193194012,0.0,-0.4585317106759466
418,0.5790722470368279,0.0,-0.5790722470368279,0.0,-0.15313550337681564
563,0.5785526757330833,0.0,-0.5785526757330833,0.0,-0.3588910678586525
814,0.5776442825384813,0.0,-0.5776442825384813,0.0,-0.49775983070304214
720,0.5775716186731576,0.0,-0.5775716186731576,0.0,-0.23968920321401033
14,0.5587536147638438,0.4858651187438484,-0.07288849601999539,0.4854511767021088,-0.07288849601999539
57,0.5580543891954427,0.0,-0.5580543891954427,0.0,-0.31421315228216024
799,0.5531163433264128,0.0,-0.5531163433264128,0.0,-0.166403709604342
743,0.5516088407292927,0.0,-0.5516088407292927,0.0,-0.16686382963652222
249,0.5472910482187301,0.0,-0.5472910482187301,0.0,-0.16561899528985208
316,0.5455904169747735,0.0,-0.5455904169747735,0.0,-0.3384964993455628
586,0.534785889444003,0.0,-0.534785889444003,0.0,-0.5329449748934076
308,0.5306923876961434,0.0,-0.5306923876961434,0.0,-0.36740403607006245
604,0.5222018590951228,0.263063470566678,-0.25913838852844484,0.26303611552396344,-0.21377530553078217
196,0.5212872018617136,0.0,-0.5212872018617136,0.0,-0.27585022810162924
478,0.5185367577475103,0.0,-0.5185367577475103,0.0,-0.23109593422484692
17,0.5176257480394073,0.15822944737703654,-0.35939630066237055,0.15822944737703654,-0.32322744540151405
426,0.4978825086333783,0.0,-0.4978825086333783,0.0,-0.22225668291369757
217,0.49694195750731157,0.0,-0.49694195750731157,0.0,-0.2685480211926806
358,0.4871636372944973,0.4871636372944973,0.0,0.4855182382294132,0.0
148,0.4864924366627425,0.4864924366627425,0.0,0.4854829118803734,0.0
269,0.4699374113037631,0.0,-0.4699374113037631,0.0,-0.2286602649947014
823,0.4571883281881204,0.0,-0.4571883281881204,0.0,-0.27483009411165943
758,0.45147447663897594,0.0,-0.45147447663897594,0.0,-0.44967215939337307
435,0.45129516528791586,0.0,-0.45129516528791586,0.0,-0.449867708860523
534,0.4437422063268599,0.0,-0.4437422063268599,0.0,-0.39005960042204235
647,0.43955915150853464,0.0,-0.43955915150853464,0.0,-0.3579791949220287
240,0.434216885628546,0.0,-0.434216885628546,0.0,-0.21152257224510898
480,0.4293125189845537,0.0,-0.4293125189845537,0.0,-0.26586185002756163
191,0.42721077266065305,0.0,-0.42721077266065305,0.0,-0.27743540346037265
23,0.42087315740102677,0.0,-0.42087315740102677,0.0,-0.4199346886920928
660,0.42052533875561904,0.26339940135627427,-0.15712593739934483,0.2630558761586458,-0.07856296869967241
253,0.41211279420945507,0.0,-0.41211279420945507,0.0,-0.2015056164983776
427,0.41077930241627414,0.37147610755348365,-0.03930319486279049,0.3704826389237222,-0.03930319486279049
270,0.40693808461767494,0.40693808461767494,0.0,0.4054387051227056,0.0
30,0.40430327510683134,0.0,-0.40430327510683134,0.0,-0.3626591263508137
46,0.4035524875226962,0.0,-0.4035524875226962,0.0,-0.3578333097692737
130,0.39210979883633046,0.0,-0.39210979883633046,0.0,-0.3435930440720459
276,0.39071645084083584,0.0,-0.39071645084083584,0.0,-0.1537819274740885
201,0.3851876738990029,0.0,-0.3851876738990029,0.0,-0.23522643796432993
691,0.38513899509860766,0.0,-0.38513899509860766,0.0,-0.3013120183788585
121,0.38299507291535334,0.0,-0.38299507291535334,0.0,-0.2913711884772514
155,0.3826878534667266,0.0,-0.3826878534667266,0.0,-0.18867590296312753
662,0.37902735293602974,0.0,-0.37902735293602974,0.0,-0.2589981215757628
167,0.3751947344432677,0.0,-0.3751947344432677,0.0,-0.2750485670282329
60,0.3733076199962406,0.24591734198307355,-0.12739027801316719,0.2453342173573424,-0.08452601261180089
281,0.3732020471631697,0.0,-0.3732020471631697,0.0,-0.29295645117287517
179,0.36600489971693595,0.0,-0.36600489971693595,0.0,-0.22558152246305865
159,0.36397314602909264,0.2633950888445388,-0.1005780571845538,0.2630556224814848,-0.0502890285922769
620,0.35821457348343705,0.0,-0.35821457348343705,0.0,-0.35713635864102294
315,0.3465225844987177,0.0,-0.3465225844987177,0.0,-0.30377431250269804
568,0.34629404464055574,0.0,-0.34629404464055574,0.0,-0.25398651005517464
545,0.34421770241903304,0.0,-0.34421770241903304,0.0,-0.3017090169158393
807,0.34388597601541465,0.0,-0.34388597601541465,0.0,-0.2618344520330611
144,0.34372186894044593,0.0,-0.34372186894044593,0.0,-0.1456764679856473
802,0.343164570496712,0.0,-0.343164570496712,0.0,-0.20467562699168373
785,0.3405046140578392,0.0,-0.3405046140578392,0.0,-0.24040592291585558
796,0.33838972560257896,0.0,-0.33838972560257896,0.0,-0.2059854580816581
781,0.337960087361554,0.0,-0.337960087361554,0.0,-0.08384824882021538
149,0.33788319625726093,0.0,-0.33788319625726093,0.0,-0.14386973352192706
722,0.33717463607236,0.0,-0.33717463607236,0.0,-0.1243369749494548
741,0.3361703492229789,0.0,-0.3361703492229789,0.0,-0.12528193710246113
214,0.3332912413651622,0.0,-0.3332912413651622,0.0,-0.18691673174161366
714,0.3313146922398798,0.0,-0.3313146922398798,0.0,-0.12349810181647423
385,0.330478693622092,0.0,-0.330478693622092,0.0,-0.16190480744796112
511,0.3296770189702088,0.006357285272155607,-0.32331973369805317,0.006357285272155607,-0.3223292497028123
246,0.3233747073477278,0.0,-0.3233747073477278,0.0,-0.2791220888149679
771,0.3231471263897296,0.0,-0.3231471263897296,0.0,-0.23794123203077774
356,0.3217679523279935,0.0,-0.3217679523279935,0.0,-0.32074300835298175
372,0.3212959540456975,0.0,-0.3212959540456975,0.0,-0.2772872162353879
548,0.31999442610593687,0.0,-0.31999442610593687,0.0,-0.23592315894317847
546,0.31720989326416055,0.0,-0.31720989326416055,0.0,-0.23390881958696966
676,0.31651570039675303,0.0,-0.31651570039675303,0.0,-0.11715927518052377
128,0.31604060922079324,0.0,-0.31604060922079324,0.0,-0.22232781640114452
228,0.311102440619024,0.0,-0.311102440619024,0.0,-0.21876111053919417
803,0.3107491145555341,0.0,-0.3107491145555341,0.0,-0.30943775946806296
119,0.3102299639017614,0.0,-0.3102299639017614,0.0,-0.13210378857496602
453,0.3082107412056643,0.0,-0.3082107412056643,0.0,-0.2266576127500941
34,0.3062751805388176,0.26365763384193386,-0.04261754669688368,0.2630690296120237,-0.04261754669688368
674,0.29888178960774614,0.0,-0.29888178960774614,0.0,-0.25806206767791645
686,0.29636856756157504,0.0,-0.29636856756157504,0.0,-0.2953565209765161
376,0.2951694304587887,0.0,-0.2951694304587887,0.0,-0.16577783518273678
371,0.293809304466753,0.0,-0.293809304466753,0.0,-0.1650437295746522
728,0.2890858609736794,0.0,-0.2890858609736794,0.0,-0.16246516751948262
744,0.28568424413340987,0.0,-0.28568424413340987,0.0,-0.2416185104740352
746,0.28550139838560995,0.0,-0.28550139838560995,0.0,-0.24146696878616544
697,0.28022096687810205,0.0,-0.28022096687810205,0.0,-0.11927871195978425
94,0.2791549880366174,0.0,-0.2791549880366174,0.0,-0.19651711323893323
193,0.2776288897385355,0.0,-0.2776288897385355,0.0,-0.27684347795386977
645,0.27668074591006453,0.0,-0.27668074591006453,0.0,-0.11688819497665322
307,0.2749494454752992,0.0,-0.2749494454752992,0.0,-0.1935513808799656
471,0.2721848985558154,0.0,-0.2721848985558154,0.0,-0.19163952817975557
64,0.27111459710714353,0.0,-0.27111459710714353,0.0,-0.27004235692058826
266,0.26966866136168477,0.0,-0.26966866136168477,0.0,-0.22821580800976793
415,0.2673157673728876,0.0,-0.2673157673728876,0.0,-0.18833976278924772
783,0.2647366771786405,0.17917169922837542,-0.08556497795026499,0.17867222596241206,-0.042782488975132496
791,0.2645361017158797,0.2645361017158797,0.0,0.2631134424591669,0.0
766,0.2642412833585606,0.2642412833585606,0.0,0.2630979257035185,0.0
543,0.26398464956456213,0.26398464956456213,0.0,0.2630844186617291,0.0
42,0.26386202636425793,0.26386202636425793,0.0,0.2630779648090814,0.0
343,0.2635734697855594,0.0,-0.2635734697855594,0.0,-0.13139303149051013
666,0.2631332809997904,0.10986701821582734,-0.15326626278396305,0.10986701821582734,-0.15316738761796667
337,0.2628694137275309,0.0,-0.2628694137275309,0.0,-0.1720709792563707
786,0.2545963167424473,0.0,-0.2545963167424473,0.0,-0.12549363007108238
108,0.2507495125996712,0.0,-0.2507495125996712,0.0,-0.20638034812584888
208,0.24873021941134643,0.0,-0.24873021941134643,0.0,-0.09892000402701322
769,0.2486172314922823,0.0,-0.2486172314922823,0.0,-0.12381224723009207
819,0.24809407509394,0.0,-0.24809407509394,0.0,-0.2474661770312276
90,0.2447951381689472,0.0,-0.2447951381689472,0.0,-0.12091730516106096
383,0.2445798178666575,0.0,-0.2445798178666575,0.0,-0.20127449199989278
773,0.24456449195011348,0.0,-0.24456449195011348,0.0,-0.2009285190357264
204,0.2437154203766888,0.0,-0.2437154203766888,0.0,-0.14490015384237892
832,0.24370857485015726,0.0,-0.24370857485015726,0.0,-0.24341752802963754
707,0.2432750659450055,0.0,-0.2432750659450055,0.0,-0.1602516923793666
32,0.23539160780292329,0.0,-0.23539160780292329,0.0,-0.2347899741172217
283,0.23274593607786373,0.0,-0.23274593607786373,0.0,-0.19156153681792035
8,0.23247789553670448,0.0,-0.23247789553670448,0.0,-0.2322421810994206
731,0.22097643098032493,0.22097643098032493,0.0,0.2203424802734571,0.0
118,0.21403055103452384,0.0,-0.21403055103452384,0.0,-0.21353562586129818
761,0.2140088510846539,0.0,-0.2140088510846539,0.0,-0.08506459114577712
610,0.21339157468505707,0.0,-0.21339157468505707,0.0,-0.21282615181864
792,0.21207729604787864,0.0,-0.21207729604787864,0.0,-0.1673448179764275
354,0.2119279957610527,0.0,-0.2119279957610527,0.0,-0.21125590228496424
839,0.20969014284845852,0.0,-0.20969014284845852,0.0,-0.20941898524820357
708,0.20607888213807055,0.0,-0.20607888213807055,0.0,-0.12262263239517582
755,0.2057238317675485,0.0,-0.2057238317675485,0.0,-0.2050115080106355
794,0.20423211836425614,0.0,-0.20423211836425614,0.0,-0.20321157275995114
474,0.2029186841451848,0.0,-0.2029186841451848,0.0,-0.08071811766587442
693,0.20251843742923062,0.0,-0.20251843742923062,0.0,-0.11981043630787112
703,0.20116302162241484,0.0,-0.20116302162241484,0.0,-0.1591356737165503
679,0.19797804231557603,0.0,-0.19797804231557603,0.0,-0.1171451058740785
292,0.19758049183712245,0.0,-0.19758049183712245,0.0,-0.11755199467102063
522,0.1973003901669572,0.0,-0.1973003901669572,0.0,-0.07847885808323035
165,0.1966171276141272,0.0,-0.1966171276141272,0.0,-0.09728688128316608
405,0.19657434123163167,0.0,-0.19657434123163167,0.0,-0.11702675004852085
210,0.19570391412177557,0.0,-0.19570391412177557,0.0,-0.09761818369554301
517,0.19474359374114503,0.0,-0.19474359374114503,0.0,-0.1152567219932266
532,0.1942587637152172,0.0,-0.1942587637152172,0.0,-0.15367456605949056
459,0.19211840820881868,0.0,-0.19211840820881868,0.0,-0.19153391024613065
158,0.19137831472546485,0.0,-0.19137831472546485,0.0,-0.19097042530931033
440,0.1911897501470249,0.0,-0.1911897501470249,0.0,-0.19063364567418348
140,0.1908535900652255,0.0,-0.1908535900652255,0.0,-0.1904813968514301
680,0.18994509920474806,0.0,-0.18994509920474806,0.0,-0.1893264188155941
151,0.18806069460880667,0.0,-0.18806069460880667,0.0,-0.18770909503507974
820,0.1848022241178477,0.0,-0.1848022241178477,0.0,-0.14635955527410005
833,0.18387447863737097,0.0,-0.18387447863737097,0.0,-0.1096496146347997
591,0.18084051629965203,0.0,-0.18084051629965203,0.0,-0.08948964460247288
560,0.1799487032017048,0.0,-0.1799487032017048,0.0,-0.08966496972319823
565,0.17667222355556422,0.0,-0.17667222355556422,0.0,-0.08806370983942924
328,0.17578361561202147,0.0,-0.17578361561202147,0.0,-0.08698387445255287
619,0.17543657293358086,0.0,-0.17543657293358086,0.0,-0.08749293992843708
327,0.17404416992422314,0.0,-0.17404416992422314,0.0,-0.08676790545470504
554,0.17297781663293327,0.0,-0.17297781663293327,0.0,-0.08557802877484043
344,0.17219507838378934,0.0,-0.17219507838378934,0.0,-0.17165329362431045
733,0.17007502016975115,0.0,-0.17007502016975115,0.0,-0.12628899860854584
104,0.1699300279947633,0.0,-0.1699300279947633,0.0,-0.12618895234545482
760,0.1698692043871211,0.0,-0.1698692043871211,0.0,-0.12602408439578885
378,0.1688010525104491,0.0,-0.1688010525104491,0.0,-0.12531447601093193
725,0.16846143736380165,0.0,-0.16846143736380165,0.0,-0.12509564476184915
750,0.16811822623889947,0.0,-0.16811822623889947,0.0,-0.1675541945463526
96,0.16669969263694473,0.0,-0.16669969263694473,0.0,-0.082546188690935
248,0.16646552289695027,0.0,-0.16646552289695027,0.0,-0.1659962876702729
261,0.1640956591086777,0.0,-0.1640956591086777,0.0,-0.08125353896948456
86,0.16366812080395204,0.0,-0.16366812080395204,0.0,-0.08157567006425696
305,0.16167026643397098,0.0,-0.16167026643397098,0.0,-0.08005040286412467
806,0.16137439134705583,0.0,-0.16137439134705583,0.0,-0.0804271291999325
314,0.16004560244558103,0.0,-0.16004560244558103,0.0,-0.15956126035797474
295,0.15996707438455549,0.0,-0.15996707438455549,0.0,-0.07974823604232477
646,0.15937509404242214,0.0,-0.15937509404242214,0.0,-0.07892029711994131
259,0.15921146726017021,0.0,-0.15921146726017021,0.0,-0.15874262509333406
75,0.15914318279317646,0.0,-0.15914318279317646,0.0,-0.15856743040569377
639,0.1582404798784142,0.0,-0.1582404798784142,0.0,-0.15775684456506175
641,0.15728417733197148,0.0,-0.15728417733197148,0.0,-0.15679562005132555
683,0.15581384090332998,0.0,-0.15581384090332998,0.0,-0.155299200750922
141,0.1487427816435925,0.0,-0.1487427816435925,0.0,-0.09842344621540566
135,0.1466377426177437,0.0,-0.1466377426177437,0.0,-0.09703057762345785
168,0.14358466441149037,0.0,-0.14358466441149037,0.0,-0.14325432140247232
170,0.14296664177915572,0.0,-0.14296664177915572,0.0,-0.14262738276138406
215,0.14253915149322344,0.0,-0.14253915149322344,0.0,-0.14216029705990282
126,0.13632302166450277,0.0,-0.13632302166450277,0.0,-0.13604694480690951
603,0.13428110612706906,0.0,-0.13428110612706906,0.0,-0.08883475622110111
339,0.13314712837849213,0.0,-0.13314712837849213,0.0,-0.08805003413788773
465,0.1327975492435378,0.09227114547715022,-0.04052640376638757,0.09203940185916305,-0.04052640376638757
117,0.1317763140007051,0.0,-0.1317763140007051,0.0,-0.131469579922166
348,0.13148085271176513,0.0,-0.13148085271176513,0.0,-0.13107605201772787
797,0.1298437723410901,0.0,-0.1298437723410901,0.0,-0.08576103037621073
788,0.12974874141151935,0.0,-0.12974874141151935,0.0,-0.08566114107516
467,0.12924919222904457,0.0,-0.12924919222904457,0.0,-0.12885474305904143
558,0.12885948069238765,0.0,-0.12885948069238765,0.0,-0.12841254333131877
105,0.1281983419536639,0.0,-0.1281983419536639,0.0,-0.08483684178855963
721,0.12729734386218794,0.0,-0.12729734386218794,0.0,-0.08423435582290632
748,0.12688461332577206,0.0,-0.12688461332577206,0.0,-0.12649056044916565
754,0.1266544299879441,0.0,-0.1266544299879441,0.0,-0.12623468558694115
97,0.12384074631950268,0.0,-0.12384074631950268,0.0,-0.08195989912351132
262,0.12361772263405028,0.0,-0.12361772263405028,0.0,-0.041100343746752824
712,0.12309376386628247,0.0,-0.12309376386628247,0.0,-0.12274531374832039
31,0.12258361659096846,0.0,-0.12258361659096846,0.0,-0.0811594957189081
306,0.12109386295808619,0.0,-0.12109386295808619,0.0,-0.08012279966579323
71,0.12080677703387155,0.0,-0.12080677703387155,0.0,-0.12037443445050437
451,0.12021085836305423,0.0,-0.12021085836305423,0.0,-0.07955627422794279
454,0.12016602336483298,0.0,-0.12016602336483298,0.0,-0.0795203772160306
79,0.11914620362908848,0.0,-0.11914620362908848,0.0,-0.11872202360638257
466,0.11904996184460988,0.0,-0.11904996184460988,0.0,-0.11868837657594745
657,0.11847264058078004,0.0,-0.11847264058078004,0.0,-0.07839362189615783
659,0.11830461703498343,0.0,-0.11830461703498343,0.0,-0.07827993605314057
469,0.11829879343485905,0.0,-0.11829879343485905,0.0,-0.11793420153697043
91,0.11822815279013262,0.0,-0.11822815279013262,0.0,-0.11785718068978564
483,0.11807819532756736,0.0,-0.11807819532756736,0.0,-0.11773106725814947
658,0.11806537655875787,0.0,-0.11806537655875787,0.0,-0.07812434101958314
531,0.11731431399533732,0.0,-0.11731431399533732,0.0,-0.11693637588067982
519,0.11725314302481463,0.0,-0.11725314302481463,0.0,-0.11687163478107324
812,0.11706453358782781,0.0,-0.11706453358782781,0.0,-0.07748722772013822
442,0.11683868823596173,0.0,-0.11683868823596173,0.0,-0.1165110555818404
503,0.11646015695995537,0.0,-0.11646015695995537,0.0,-0.11610895160258364
27,0.11397296636292899,0.0,-0.11397296636292899,0.0,-0.07550450515710805
842,0.1122511897247297,0.0,-0.1122511897247297,0.0,-0.03737358955296184
838,0.11053530943676816,0.0,-0.11053530943676816,0.0,-0.07329340823363782
142,0.10107950241162597,0.0,-0.10107950241162597,0.0,-0.05045217999398165
163,0.09894490966364639,0.0,-0.09894490966364639,0.0,-0.049374493311178276
189,0.09802481707178186,0.0,-0.09802481707178186,0.0,-0.09776487270790166
133,0.09596381840530496,0.0,-0.09596381840530496,0.0,-0.09577135295556531
132,0.09578756655566527,0.0,-0.09578756655566527,0.0,-0.09559995056348522
223,0.09428199287778863,0.0,-0.09428199287778863,0.0,-0.09403909186387986
599,0.0895653798617269,0.0,-0.0895653798617269,0.0,-0.08932925989930506
346,0.08689595272891533,0.0,-0.08689595272891533,0.0,-0.08662995594718699
749,0.08616136512847068,0.0,-0.08616136512847068,0.0,-0.08589066328095699
751,0.08606823044801837,0.0,-0.08606823044801837,0.0,-0.08578989050976958
324,0.08602666428892167,0.0,-0.08602666428892167,0.0,-0.08575831645924537
780,0.0858705999338345,0.0,-0.0858705999338345,0.0,-0.04274025943351558
736,0.08584302551624996,0.0,-0.08584302551624996,0.0,-0.08560667066560428
58,0.08514419245738282,0.0,-0.08514419245738282,0.0,-0.08483990848892183
36,0.08502059282725366,0.0,-0.08502059282725366,0.0,-0.08479907902383332
764,0.08492711230206378,0.0,-0.08492711230206378,0.0,-0.08459372132832425
103,0.08456127295494692,0.0,-0.08456127295494692,0.0,-0.08434467396200529
318,0.0839757796655418,0.0,-0.0839757796655418,0.0,-0.08372142516672682
101,0.08389965906642177,0.0,-0.08389965906642177,0.0,-0.08368320114183896
387,0.08376842846919424,0.0,-0.08376842846919424,0.0,-0.04177349672652742
637,0.08352048126587419,0.0,-0.08352048126587419,0.0,-0.08326715671700562
715,0.08334748723883467,0.0,-0.08334748723883467,0.0,-0.08311882046891242
87,0.08327267579207805,0.0,-0.08327267579207805,0.0,-0.04150909384840493
309,0.08320933295929434,0.0,-0.08320933295929434,0.0,-0.041487337328085974
76,0.0830143549734062,0.0,-0.0830143549734062,0.0,-0.04137403001433575
78,0.08230736700019942,0.0,-0.08230736700019942,0.0,-0.041022714082004245
477,0.08227495155508767,0.0,-0.08227495155508767,0.0,-0.04102322030108117
77,0.08215025678368441,0.0,-0.08215025678368441,0.0,-0.04094384072894271
82,0.08196605338836278,0.0,-0.08196605338836278,0.0,-0.04085201330292059
73,0.08172320850881085,0.0,-0.08172320850881085,0.0,-0.08142749592679509
68,0.08169471200370107,0.0,-0.08169471200370107,0.0,-0.08139223813733486
479,0.0816135128466523,0.0,-0.0816135128466523,0.0,-0.08137001028110015
74,0.08143368833826767,0.0,-0.08143368833826767,0.0,-0.08115121708252934
640,0.08122958507189754,0.0,-0.08122958507189754,0.0,-0.08098605187010058
484,0.08120523428034199,0.0,-0.08120523428034199,0.0,-0.040491174730840046
690,0.08115514815087302,0.0,-0.08115514815087302,0.0,-0.08090735072637367
452,0.08111366982586356,0.0,-0.08111366982586356,0.0,-0.04044900124957701
268,0.08100309252759127,0.0,-0.08100309252759127,0.0,-0.08075637459988703
271,0.08097926740441203,0.0,-0.08097926740441203,0.0,-0.04037046194602601
404,0.0805123578605087,0.0,-0.0805123578605087,0.0,-0.04016039121507773
81,0.08037544474171057,0.0,-0.08037544474171057,0.0,-0.08009025049656815
488,0.08023240309765717,0.0,-0.08023240309765717,0.0,-0.07998912250708988
296,0.07999421705430913,0.0,-0.07999421705430913,0.0,-0.07974483180499115
485,0.07992494516180809,0.0,-0.07992494516180809,0.0,-0.07969161286328862
433,0.0799018309941463,0.0,-0.0799018309941463,0.0,-0.03984836212253926
682,0.07989788878030407,0.0,-0.07989788878030407,0.0,-0.07964213492315547
436,0.07956413775895259,0.0,-0.07956413775895259,0.0,-0.07934109173281673
406,0.07951529416593822,0.0,-0.07951529416593822,0.0,-0.07931154957552225
286,0.07949015477902553,0.0,-0.07949015477902553,0.0,-0.07923511575732446
272,0.07933835684864558,0.0,-0.07933835684864558,0.0,-0.07909160463792601
498,0.07917630219945686,0.0,-0.07917630219945686,0.0,-0.07894377047814045
508,0.07915891445675247,0.0,-0.07915891445675247,0.0,-0.07891678898787698
274,0.07905708183230091,0.0,-0.07905708183230091,0.0,-0.07881192893111484
431,0.07903424423018293,0.0,-0.07903424423018293,0.0,-0.03941855682254872
501,0.07895539513105816,0.0,-0.07895539513105816,0.0,-0.07872158536289815
675,0.07895371868880678,0.0,-0.07895371868880678,0.0,-0.07870150623060315
504,0.07872999340165185,0.0,-0.07872999340165185,0.0,-0.0784973608675447
523,0.07841222822003784,0.0,-0.07841222822003784,0.0,-0.07816497727566342
672,0.07811671150793097,0.0,-0.07811671150793097,0.0,-0.0778733054783301
509,0.07803580843722771,0.0,-0.07803580843722771,0.0,-0.07780163225991808
430,0.07801766620245795,0.0,-0.07801766620245795,0.0,-0.07780892626582564
818,0.07687312951730256,0.0,-0.07687312951730256,0.0,-0.038349536728853065
200,0.05053988640106788,0.0,-0.05053988640106788,0.0,-0.050406384993263754
161,0.05025202479842619,0.0,-0.05025202479842619,0.0,-0.0501474142028723
198,0.04995054949959705,0.0,-0.04995054949959705,0.0,-0.04981915848026014
153,0.04972131057497425,0.0,-0.04972131057497425,0.0,-0.049628346790038205
188,0.049662573525788296,0.0,-0.049662573525788296,0.0,-0.049531546576234674
136,0.04931433121977998,0.0,-0.04931433121977998,0.0,-0.04921984953230463
183,0.049062225462247894,0.0,-0.049062225462247894,0.0,-0.04893531423353013
185,0.048950223246010754,0.0,-0.048950223246010754,0.0,-0.048825821141451974
216,0.048488503068919164,0.0,-0.048488503068919164,0.0,-0.04836655015837807
224,0.048136354328784006,0.0,-0.048136354328784006,0.0,-0.048012480071159415
131,0.04785466826014327,0.0,-0.04785466826014327,0.0,-0.04776295282634007
570,0.046840766361148874,0.0,-0.046840766361148874,0.0,-0.046676966361365244
587,0.04530915787957713,0.0,-0.04530915787957713,0.0,-0.04517981261960526
342,0.04528404742821601,0.0,-0.04528404742821601,0.0,-0.045145546462119185
345,0.04509530938803241,0.0,-0.04509530938803241,0.0,-0.044958710731274325
562,0.04495268880819414,0.0,-0.04495268880819414,0.0,-0.044797187080723534
333,0.04491361187123196,0.0,-0.04491361187123196,0.0,-0.04477429001868694
111,0.0444015723632231,0.0,-0.0444015723632231,0.0,-0.04428948673981093
110,0.04434846656664895,0.0,-0.04434846656664895,0.0,-0.04423602327473783
44,0.04429370258318539,0.0,-0.04429370258318539,0.0,-0.04416691663111883
329,0.04422160739809238,0.0,-0.04422160739809238,0.0,-0.04408493802725031
363,0.04420675579474881,0.0,-0.04420675579474881,0.0,-0.04407838928777244
366,0.0441937436915041,0.0,-0.0441937436915041,0.0,-0.04406326816802682
556,0.04401447166748251,0.0,-0.04401447166748251,0.0,-0.04386205722046325
735,0.04344007626096883,0.0,-0.04344007626096883,0.0,-0.04332535627203605
756,0.04339572356988617,0.0,-0.04339572356988617,0.0,-0.04324843077240721
375,0.043364255036926015,0.0,-0.043364255036926015,0.0,-0.043237302789102317
762,0.043183869428770845,0.0,-0.043183869428770845,0.0,-0.04302398404517379
747,0.043178610603435086,0.0,-0.043178610603435086,0.0,-0.04305070172473249
739,0.043133017639175555,0.0,-0.043133017639175555,0.0,-0.04301281116618809
59,0.043089267356434154,0.0,-0.043089267356434154,0.0,-0.04293491670640767
381,0.0426170778618465,0.0,-0.0426170778618465,0.0,-0.042491827584722544
254,0.042608853810032765,0.0,-0.042608853810032765,0.0,-0.04248848096561441
384,0.04256706984698867,0.0,-0.04256706984698867,0.0,-0.04244396891493139
547,0.04212706311240819,0.0,-0.04212706311240819,0.0,-0.04199205821790248
98,0.04166959280728444,0.0,-0.04166959280728444,0.0,-0.04156205282049244
258,0.041514182586650204,0.0,-0.041514182586650204,0.0,-0.041398851485947234
260,0.041400227469476025,0.0,-0.041400227469476025,0.0,-0.041281309851157105
263,0.041097283890598475,0.0,-0.041097283890598475,0.0,-0.040978894997005307
85,0.041028674290904385,0.0,-0.041028674290904385,0.0,-0.04089145647880477
83,0.04092866975018832,0.0,-0.04092866975018832,0.0,-0.04078931511268693
643,0.040819198259966924,0.0,-0.040819198259966924,0.0,-0.04069438293094595
301,0.0407685694153598,0.0,-0.0407685694153598,0.0,-0.040643336379705346
462,0.04076554365945336,0.0,-0.04076554365945336,0.0,-0.04064236361016902
481,0.04074078414047991,0.0,-0.04074078414047991,0.0,-0.04062309132359526
463,0.040679398870784644,0.0,-0.040679398870784644,0.0,-0.040558723751724236
400,0.04059450508719178,0.0,-0.04059450508719178,0.0,-0.04049063006273678
293,0.04058458405166382,0.0,-0.04058458405166382,0.0,-0.04045730282161828
450,0.04056640045692261,0.0,-0.04056640045692261,0.0,-0.040450679697255944
460,0.040538688391235575,0.0,-0.040538688391235575,0.0,-0.040422539604370936
489,0.0404966245346686,0.0,-0.0404966245346686,0.0,-0.04037403715657494
297,0.04048120534495357,0.0,-0.04048120534495357,0.0,-0.0403564938926109
455,0.0404723320458852,0.0,-0.0404723320458852,0.0,-0.040355680327155835
495,0.040386579898034305,0.0,-0.040386579898034305,0.0,-0.04026511981382098
273,0.04021595289728822,0.0,-0.04021595289728822,0.0,-0.04009325851345292
275,0.040095667960581435,0.0,-0.040095667960581435,0.0,-0.039972807621630115
447,0.040075393454346374,0.0,-0.040075393454346374,0.0,-0.03996551899410699
287,0.040012144528872653,0.0,-0.040012144528872653,0.0,-0.03988635929049185
507,0.03992605017669261,0.0,-0.03992605017669261,0.0,-0.039811645023177
421,0.03989249710317368,0.0,-0.03989249710317368,0.0,-0.03979263521632494
422,0.039882691843703875,0.0,-0.039882691843703875,0.0,-0.03978334266739125
673,0.039845987651965696,0.0,-0.039845987651965696,0.0,-0.03972110621880172
526,0.03981362658974162,0.0,-0.03981362658974162,0.0,-0.03968944507292168
670,0.039767814895603944,0.0,-0.039767814895603944,0.0,-0.03964417969428328
667,0.039660938110988725,0.0,-0.039660938110988725,0.0,-0.039540679837895505
671,0.03954326253024801,0.0,-0.03954326253024801,0.0,-0.03942056908215949
816,0.038736314843081016,0.0,-0.038736314843081016,0.0,-0.03864078279022551
2,0.035149464861790075,0.0,-0.035149464861790075,0.0,-0.035113675849261054
178,6.086510357248345e-15,0.0,-6.086510357248345e-15,0.0,-3.2034265038149186e-16
494,6.086510357248345e-15,0.0,-6.086510357248345e-15,0.0,-3.2034265038149186e-16
717,6.086510357248345e-15,0.0,-6.086510357248345e-15,0.0,-3.2034265038149186e-16
729,6.086510357248345e-15,0.0,-6.086510357248345e-15,0.0,-3.2034265038149186e-16
738,6.086510357248345e-15,0.0,-6.086510357248345e-15,0.0,-3.2034265038149186e-16
407,6.086510357248345e-15,0.0,-6.086510357248345e-15,0.0,-3.2034265038149186e-16
776,6.086510357248345e-15,0.0,-6.086510357248345e-15,0.0,-3.2034265038149186e-16
382,6.086510357248345e-15,0.0,-6.086510357248345e-15,0.0,-3.2034265038149186e-16
374,6.086510357248345e-15,0.0,-6.086510357248345e-15,0.0,-3.2034265038149186e-16
360,6.086510357248345e-15,0.0,-6.086510357248345e-15,0.0,-3.2034265038149186e-16
353,6.086510357248345e-15,0.0,-6.086510357248345e-15,0.0,-3.2034265038149186e-16
817,6.086510357248345e-15,0.0,-6.086510357248345e-15,0.0,-3.2034265038149186e-16
311,6.086510357248345e-15,0.0,-6.086510357248345e-15,0.0,-3.2034265038149186e-16
99,6.086510357248345e-15,0.0,-6.086510357248345e-15,0.0,-3.2034265038149186e-16
1,6.086510357248345e-15,0.0,-6.086510357248345e-15,0.0,-3.2034265038149186e-16
621,6.086510357248345e-15,0.0,-6.086510357248345e-15,0.0,-3.2034265038149186e-16
632,6.086510357248345e-15,0.0,-6.086510357248345e-15,0.0,-3.2034265038149186e-16
625,6.086510357248345e-15,0.0,-6.086510357248345e-15,0.0,-3.2034265038149186e-16
763,6.086510357248344e-15,6.086510357248344e-15,0.0,3.2034265038149176e-16,0.0
125,6.086510357248344e-15,6.086510357248344e-15,0.0,3.2034265038149176e-16,0.0
334,6.086510357248344e-15,6.086510357248344e-15,0.0,3.2034265038149176e-16,0.0
825,6.086510357248344e-15,6.086510357248344e-15,0.0,3.2034265038149176e-16,0.0
180,6.086510357248344e-15,6.086510357248344e-15,0.0,3.2034265038149176e-16,0.0
688,6.086510357248344e-15,6.086510357248344e-15,0.0,3.2034265038149176e-16,0.0
630,6.086510357248344e-15,6.086510357248344e-15,0.0,3.2034265038149176e-16,0.0
123,6.086510357248344e-15,6.086510357248344e-15,0.0,3.2034265038149176e-16,0.0
631,6.086510357248344e-15,6.086510357248344e-15,0.0,3.2034265038149176e-16,0.0
350,6.086510357248344e-15,6.086510357248344e-15,0.0,3.2034265038149176e-16,0.0
810,6.086510357248344e-15,6.086510357248344e-15,0.0,3.2034265038149176e-16,0.0
326,6.086510357248344e-15,6.086510357248344e-15,0.0,3.2034265038149176e-16,0.0
56,6.086510357248344e-15,6.086510357248344e-15,0.0,3.2034265038149176e-16,0.0
88,6.086510357248344e-15,6.086510357248344e-15,0.0,3.2034265038149176e-16,0.0
129,6.086510357248344e-15,6.086510357248344e-15,0.0,3.2034265038149176e-16,0.0
492,6.086510357248344e-15,6.086510357248344e-15,0.0,3.2034265038149176e-16,0.0
357,6.086510357248344e-15,6.086510357248344e-15,0.0,3.2034265038149176e-16,0.0
608,6.086510357248344e-15,6.086510357248344e-15,0.0,3.2034265038149176e-16,0.0
801,6.086510357248344e-15,6.086510357248344e-15,0.0,3.2034265038149176e-16,0.0
719,6.086510357248344e-15,6.086510357248344e-15,0.0,3.2034265038149176e-16,0.0
468,6.086510357248344e-15,6.086510357248344e-15,0.0,3.2034265038149176e-16,0.0
264,6.086510357248344e-15,6.086510357248344e-15,0.0,3.2034265038149176e-16,0.0
277,6.086510357248344e-15,6.086510357248344e-15,0.0,3.2034265038149176e-16,0.0
623,6.086510357248344e-15,6.086510357248344e-15,0.0,3.2034265038149176e-16,0.0
322,6.086510357248344e-15,6.086510357248344e-15,0.0,3.2034265038149176e-16,0.0
147,6.086510357248344e-15,6.086510357248344e-15,0.0,3.2034265038149176e-16,0.0
757,6.086510357248344e-15,6.086510357248344e-15,0.0,3.2034265038149176e-16,0.0
601,6.086510357248344e-15,6.086510357248344e-15,0.0,3.2034265038149176e-16,0.0
553,6.086510357248344e-15,6.086510357248344e-15,0.0,3.2034265038149176e-16,0.0
555,6.086510357248344e-15,6.086510357248344e-15,0.0,3.2034265038149176e-16,0.0
557,6.086510357248344e-15,6.086510357248344e-15,0.0,3.2034265038149176e-16,0.0
300,6.086510357248344e-15,6.086510357248344e-15,0.0,3.2034265038149176e-16,0.0
669,6.086510357248344e-15,6.086510357248344e-15,0.0,3.2034265038149176e-16,0.0
414,6.086510357248344e-15,6.086510357248344e-15,0.0,3.2034265038149176e-16,0.0
33,6.086510357248344e-15,6.086510357248344e-15,0.0,3.2034265038149176e-16,0.0
13,3.043255178624172e-15,0.0,-3.043255178624172e-15,0.0,-1.6017132519074588e-16
310,3.043255178624172e-15,0.0,-3.043255178624172e-15,0.0,-1.6017132519074588e-16
164,3.043255178624172e-15,0.0,-3.043255178624172e-15,0.0,-1.6017132519074588e-16
804,3.043255178624172e-15,0.0,-3.043255178624172e-15,0.0,-1.6017132519074588e-16
134,3.043255178624172e-15,0.0,-3.043255178624172e-15,0.0,-1.6017132519074588e-16
160,3.043255178624172e-15,0.0,-3.043255178624172e-15,0.0,-1.6017132519074588e-16
635,3.043255178624172e-15,0.0,-3.043255178624172e-15,0.0,-1.6017132519074588e-16
638,3.043255178624172e-15,0.0,-3.043255178624172e-15,0.0,-1.6017132519074588e-16
61,3.043255178624172e-15,0.0,-3.043255178624172e-15,0.0,-1.6017132519074588e-16
550,3.043255178624172e-15,0.0,-3.043255178624172e-15,0.0,-1.6017132519074588e-16
280,3.043255178624172e-15,0.0,-3.043255178624172e-15,0.0,-1.6017132519074588e-16
685,3.043255178624172e-15,0.0,-3.043255178624172e-15,0.0,-1.6017132519074588e-16
146,3.043255178624172e-15,0.0,-3.043255178624172e-15,0.0,-1.6017132519074588e-16
332,3.043255178624172e-15,0.0,-3.043255178624172e-15,0.0,-1.6017132519074588e-16
127,3.043255178624172e-15,0.0,-3.043255178624172e-15,0.0,-1.6017132519074588e-16
340,3.043255178624172e-15,0.0,-3.043255178624172e-15,0.0,-1.6017132519074588e-16
120,3.043255178624172e-15,0.0,-3.043255178624172e-15,0.0,-1.6017132519074588e-16
49,3.043255178624172e-15,0.0,-3.043255178624172e-15,0.0,-1.6017132519074588e-16
67,3.043255178624172e-15,0.0,-3.043255178624172e-15,0.0,-1.6017132519074588e-16
377,0.0,0.0,0.0,0.0,0.0
389,0.0,0.0,0.0,0.0,0.0
267,0.0,0.0,0.0,0.0,0.0
256,0.0,0.0,0.0,0.0,0.0
368,0.0,0.0,0.0,0.0,0.0
775,0.0,0.0,0.0,0.0,0.0
370,0.0,0.0,0.0,0.0,0.0
398,0.0,0.0,0.0,0.0,0.0
70,0.0,0.0,0.0,0.0,0.0
790,0.0,0.0,0.0,0.0,0.0
279,0.0,0.0,0.0,0.0,0.0
784,0.0,0.0,0.0,0.0,0.0
122,0.0,0.0,0.0,0.0,0.0
789,0.0,0.0,0.0,0.0,0.0
602,0.0,0.0,0.0,0.0,0.0
257,0.0,0.0,0.0,0.0,0.0
66,0.0,0.0,0.0,0.0,0.0
380,0.0,0.0,0.0,0.0,0.0
787,0.0,0.0,0.0,0.0,0.0
397,0.0,0.0,0.0,0.0,0.0
571,0.0,0.0,0.0,0.0,0.0
63,0.0,0.0,0.0,0.0,0.0
325,0.0,0.0,0.0,0.0,0.0
43,0.0,0.0,0.0,0.0,0.0
41,0.0,0.0,0.0,0.0,0.0
39,0.0,0.0,0.0,0.0,0.0
612,0.0,0.0,0.0,0.0,0.0
38,0.0,0.0,0.0,0.0,0.0
37,0.0,0.0,0.0,0.0,0.0
35,0.0,0.0,0.0,0.0,0.0
323,0.0,0.0,0.0,0.0,0.0
282,0.0,0.0,0.0,0.0,0.0
611,0.0,0.0,0.0,0.0,0.0
319,0.0,0.0,0.0,0.0,0.0
317,0.0,0.0,0.0,0.0,0.0
313,0.0,0.0,0.0,0.0,0.0
606,0.0,0.0,0.0,0.0,0.0
11,0.0,0.0,0.0,0.0,0.0
609,0.0,0.0,0.0,0.0,0.0
335,0.0,0.0,0.0,0.0,0.0
822,0.0,0.0,0.0,0.0,0.0
364,0.0,0.0,0.0,0.0,0.0
811,0.0,0.0,0.0,0.0,0.0
361,0.0,0.0,0.0,0.0,0.0
616,0.0,0.0,0.0,0.0,0.0
359,0.0,0.0,0.0,0.0,0.0
615,0.0,0.0,0.0,0.0,0.0
352,0.0,0.0,0.0,0.0,0.0
351,0.0,0.0,0.0,0.0,0.0
765,0.0,0.0,0.0,0.0,0.0
53,0.0,0.0,0.0,0.0,0.0
821,0.0,0.0,0.0,0.0,0.0
50,0.0,0.0,0.0,0.0,0.0
815,0.0,0.0,0.0,0.0,0.0
614,0.0,0.0,0.0,0.0,0.0
605,0.0,0.0,0.0,0.0,0.0
349,0.0,0.0,0.0,0.0,0.0
347,0.0,0.0,0.0,0.0,0.0
341,0.0,0.0,0.0,0.0,0.0
808,0.0,0.0,0.0,0.0,0.0
439,0.0,0.0,0.0,0.0,0.0
252,0.0,0.0,0.0,0.0,0.0
692,0.0,0.0,0.0,0.0,0.0
681,0.0,0.0,0.0,0.0,0.0
527,0.0,0.0,0.0,0.0,0.0
584,0.0,0.0,0.0,0.0,0.0
684,0.0,0.0,0.0,0.0,0.0
687,0.0,0.0,0.0,0.0,0.0
689,0.0,0.0,0.0,0.0,0.0
182,0.0,0.0,0.0,0.0,0.0
520,0.0,0.0,0.0,0.0,0.0
184,0.0,0.0,0.0,0.0,0.0
529,0.0,0.0,0.0,0.0,0.0
516,0.0,0.0,0.0,0.0,0.0
186,0.0,0.0,0.0,0.0,0.0
187,0.0,0.0,0.0,0.0,0.0
137,0.0,0.0,0.0,0.0,0.0
95,0.0,0.0,0.0,0.0,0.0
506,0.0,0.0,0.0,0.0,0.0
93,0.0,0.0,0.0,0.0,0.0
92,0.0,0.0,0.0,0.0,0.0
528,0.0,0.0,0.0,0.0,0.0
678,0.0,0.0,0.0,0.0,0.0
192,0.0,0.0,0.0,0.0,0.0
102,0.0,0.0,0.0,0.0,0.0
649,0.0,0.0,0.0,0.0,0.0
115,0.0,0.0,0.0,0.0,0.0
559,0.0,0.0,0.0,0.0,0.0
107,0.0,0.0,0.0,0.0,0.0
552,0.0,0.0,0.0,0.0,0.0
551,0.0,0.0,0.0,0.0,0.0
549,0.0,0.0,0.0,0.0,0.0
169,0.0,0.0,0.0,0.0,0.0
171,0.0,0.0,0.0,0.0,0.0
677,0.0,0.0,0.0,0.0,0.0
100,0.0,0.0,0.0,0.0,0.0
172,0.0,0.0,0.0,0.0,0.0
152,0.0,0.0,0.0,0.0,0.0
644,0.0,0.0,0.0,0.0,0.0
175,0.0,0.0,0.0,0.0,0.0
642,0.0,0.0,0.0,0.0,0.0
176,0.0,0.0,0.0,0.0,0.0
533,0.0,0.0,0.0,0.0,0.0
502,0.0,0.0,0.0,0.0,0.0
89,0.0,0.0,0.0,0.0,0.0
417,0.0,0.0,0.0,0.0,0.0
441,0.0,0.0,0.0,0.0,0.0
80,0.0,0.0,0.0,0.0,0.0
598,0.0,0.0,0.0,0.0,0.0
449,0.0,0.0,0.0,0.0,0.0
448,0.0,0.0,0.0,0.0,0.0
627,0.0,0.0,0.0,0.0,0.0
445,0.0,0.0,0.0,0.0,0.0
444,0.0,0.0,0.0,0.0,0.0
443,0.0,0.0,0.0,0.0,0.0
116,0.0,0.0,0.0,0.0,0.0
457,0.0,0.0,0.0,0.0,0.0
219,0.0,0.0,0.0,0.0,0.0
434,0.0,0.0,0.0,0.0,0.0
752,0.0,0.0,0.0,0.0,0.0
753,0.0,0.0,0.0,0.0,0.0
226,0.0,0.0,0.0,0.0,0.0
238,0.0,0.0,0.0,0.0,0.0
759,0.0,0.0,0.0,0.0,0.0
251,0.0,0.0,0.0,0.0,0.0
629,0.0,0.0,0.0,0.0,0.0
461,0.0,0.0,0.0,0.0,0.0
493,0.0,0.0,0.0,0.0,0.0
202,0.0,0.0,0.0,0.0,0.0
709,0.0,0.0,0.0,0.0,0.0
710,0.0,0.0,0.0,0.0,0.0
711,0.0,0.0,0.0,0.0,0.0
491,0.0,0.0,0.0,0.0,0.0
490,0.0,0.0,0.0,0.0,0.0
636,0.0,0.0,0.0,0.0,0.0
716,0.0,0.0,0.0,0.0,0.0
718,0.0,0.0,0.0,0.0,0.0
482,0.0,0.0,0.0,0.0,0.0
734,0.0,0.0,0.0,0.0,0.0
594,0.0,0.0,0.0,0.0,0.0
203,0.0,0.0,0.0,0.0,0.0
472,0.0,0.0,0.0,0.0,0.0
470,0.0,0.0,0.0,0.0,0.0
727,0.0,0.0,0.0,0.0,0.0
464,0.0,0.0,0.0,0.0,0.0
730,0.0,0.0,0.0,0.0,0.0
732,0.0,0.0,0.0,0.0,0.0
607,0.0,0.0,0.0,0.0,0.0
