pos,cvb3
1,0
2,0
3,0.575
4,0.026
5,0.048
6,0.006
7,0.71
8,0.313
9,0.573
10,1.178
11,0
12,0.705
13,0.011
14,0.025
15,0.732
16,1.207
17,0.802
18,1.5
19,0.052
20,1.443
21,0.761
22,0.773
23,0.072
24,0.777
25,0.232
26,0.647
27,0.385
28,0.016
29,0.7
30,0.038
31,0.011
32,0.19
33,0.006
34,0.516
35,0.037
36,0.647
37,0.642
38,0.642
39,0.766
40,1.036
41,0.376
42,1.274
43,0.698
44,0.161
45,0.637
46,0.922
47,1.519
48,0.021
49,0.017
50,0
51,1.382
52,0.036
53,0.006
54,0.466
55,1.118
56,0
57,0.919
58,0.589
59,0.006
60,1.212
61,1.308
62,1.427
63,0.637
64,1.413
65,1.103
66,0.618
67,1.059
68,0.006
69,0.824
70,0.006
71,0.006
72,1.01
73,1.076
74,0
75,0.641
76,0.01
77,0
78,0.133
79,0
80,0
81,0
82,0.069
83,1.299
84,0.7
85,0.755
86,0
87,0.879
88,0.006
89,0.006
90,0.006
91,0.103
92,0
93,0
94,0.01
95,0.021
96,0
97,0.87
98,0.023
99,0.026
100,1.249
101,0.509
102,0.567
103,0.952
104,0
105,0.025
106,1.221
107,0
108,0.017
109,1.383
110,0.303
111,1.026
112,1.696
113,0.469
114,1.853
115,0.72
116,0.017
117,0.709
118,0.684
119,0.758
120,0.011
121,0.831
122,0.01
123,0.017
124,1.165
125,0.006
126,0.022
127,0.087
128,0.677
129,1.217
130,0.689
131,0.006
132,0
133,0.156
134,0.006
135,0.034
136,0.987
137,0.721
138,0.8
139,1.932
140,0
141,1.933
142,1.101
143,1.575
144,0
145,1.802
146,0
147,0.006
148,0.637
149,0.011
150,0
151,0.663
152,0.011
153,0.44
154,0.781
155,0.011
156,1.621
157,0.998
158,0.962
159,0.006
160,0.782
161,0.006
162,0.048
163,0
164,0
165,0.642
166,1.362
167,0.654
168,0
169,0.01
170,0.006
171,0.647
172,0.011
173,0.854
174,0.011
175,0.642
176,0.641
177,1.045
178,0
179,0.038
180,0
181,0.006
182,0
183,0.006
184,0.023
185,0.09
186,0
187,0.006
188,0.011
189,0.006
190,0.747
191,0.047
192,0.747
193,0.029
194,1.098
195,1.28
196,1
197,0
198,0.03
199,1.389
200,1.199
201,1.318
202,0.728
203,1.508
204,1.819
205,1.679
206,1.964
207,2.033
208,2.289
209,1.864
210,1.448
211,1.971
212,1.547
213,2.065
214,2.049
215,1.267
216,1.573
217,1.253
218,0.467
219,1.407
220,2.247
221,0.797
222,2.074
223,1.494
224,0.522
225,2.147
226,2.044
227,1.925
228,0.99
229,1.93
230,2.014
231,1.278
232,1.837
233,1.894
234,1.848
235,1.574
236,2.162
237,1.223
238,1.247
239,1.71
240,1.481
241,1.127
242,1.042
243,1.147
244,1.078
245,0.796
246,1.515
247,0.006
248,0.887
249,1.363
250,1.303
251,0.637
252,0.641
253,0.744
254,0.973
255,0.696
256,1.064
257,0.006
258,0
259,0.023
260,0.69
261,0.041
262,0.021
263,0
264,0.006
265,0.006
266,0
267,0.01
268,0.668
269,0
270,0
271,0.618
272,0.633
273,1.144
274,0
275,0
276,1.085
277,0.01
278,1.028
279,0.772
280,0.886
281,1.168
282,0.006
283,0.878
284,0.672
285,1.745
286,1.103
287,0
288,1.444
289,0.022
290,0.876
291,0.668
292,0.618
293,1.426
294,0.712
295,1.071
296,0.006
297,1.288
298,1.178
299,0.641
300,0.011
301,1.287
302,0.944
303,1.762
304,2.055
305,1.389
306,0.838
307,0.733
308,1.354
309,1.459
310,0.721
311,0.006
312,0.178
313,0
314,1.058
315,0.01
316,0.955
317,0.006
318,0.015
319,0.392
320,0.964
321,1.208
322,0
323,0.637
324,0.931
325,0.006
326,0
327,0.006
328,1.178
329,1.047
330,1.637
331,1.787
332,0
333,0.006
334,0.905
335,0
336,0.796
337,1.084
338,1.172
339,0.847
340,0
341,0.011
342,0.646
343,0.648
344,0.011
345,0.599
346,0.098
347,0.029
348,1.043
349,0.048
350,0.626
351,1.269
352,0.86
353,0.095
354,0.559
355,1.169
356,0.648
357,1.012
358,0.006
359,1.389
360,0.228
361,0.932
362,0.766
363,0.019
364,0.103
365,1.63
366,0.772
367,1.492
368,0.006
369,0
370,0
371,0.32
372,0.312
373,1.518
374,0.376
375,0.726
376,0.637
377,0.329
378,0.83
379,0.64
380,0.785
381,0.684
382,0.637
383,0.671
384,1.215
385,1.145
386,0.641
387,1.136
388,0.575
389,0.821
390,1.607
391,2.15
392,1.844
393,1.567
394,1.972
395,1.68
396,1.654
397,0.849
398,1.323
399,1.342
400,0.85
401,1.234
402,1.043
403,1.322
404,0.67
405,1.576
406,1.703
407,1.898
408,1.895
409,2.125
410,2.182
411,1.613
412,1.876
413,1.313
414,1.118
415,1.096
416,1.572
417,0.77
418,1.548
419,1.161
420,1.303
421,0
422,0.637
423,1.806
424,1.13
425,1.511
426,1.104
427,1.116
428,1.558
429,1.284
430,0
431,0.829
432,0.521
433,0
434,0.637
435,0.953
436,0.681
437,0.886
438,0
439,0.057
440,0.541
441,0.849
442,0
443,0.763
444,0.006
445,0.01
446,0.923
447,0.707
448,1.194
449,0.051
450,0.006
451,1.069
452,0.217
453,0.766
454,0
455,0.251
456,1.104
457,0.03
458,0.101
459,0
460,0.011
461,0.016
462,1.332
463,0.063
464,1.102
465,0.643
466,0.011
467,1.131
468,0.011
469,0.017
470,0
471,0.863
472,2.129
473,1.668
474,0.006
475,1.441
476,1.567
477,0.006
478,1.22
479,1.67
480,0.017
481,0.006
482,0.011
483,0.006
484,0.011
485,0.015
486,0.708
487,0.477
488,0.011
489,0.006
490,1.338
491,0.006
492,0.006
493,0.006
494,0.006
495,0.016
496,0.741
497,0.747
498,0.64
499,0.731
500,0.865
501,0.006
502,0.006
503,0.006
504,0.011
505,0.637
506,0.453
507,1.036
508,0.393
509,0
510,1.836
511,1.307
512,1.998
513,2.147
514,0.564
515,1.492
516,0.638
517,0.701
518,1.57
519,1.167
520,0.011
521,1.428
522,0.676
523,0.734
524,1.462
525,0.642
526,0.043
527,0
528,0.006
529,1.319
530,1.342
531,0.247
532,0.296
533,0
534,1.528
535,1.366
536,0.904
537,0.475
538,1.7
539,1.715
540,1.288
541,1.895
542,0.638
543,1.085
544,1.121
545,0.783
546,0.99
547,0.642
548,0.069
549,0.641
550,0.979
551,0.651
552,0
553,0.65
554,0.917
555,0.634
556,0.497
557,0.852
558,0.698
559,0.006
560,0.476
561,1.614
562,1.302
563,0.409
564,1.878
565,0
566,1.919
567,1.091
568,2.134
569,1.621
570,0.993
571,1.08
572,0.98
573,1.557
574,1.846
575,1.552
576,1.817
577,1.685
578,2.249
579,2.055
580,1.281
581,1.645
582,2.113
583,1.72
584,1.388
585,1.404
586,1.145
587,1
588,2.09
589,1.49
590,0.64
591,0.954
592,1.084
593,1.681
594,1.388
595,0.677
596,1.447
597,1.735
598,0.703
599,0
600,0.077
601,0.006
602,0.641
603,0
604,0.697
605,0.01
606,0.451
607,0
608,0.656
609,0.651
610,0.752
611,1.2
612,1.279
613,1.437
614,0.637
615,1.212
616,0.867
617,1.121
618,1.144
619,0.677
620,0.006
621,0.01
622,0.693
623,0
624,1.826
625,0.592
626,1.695
627,1.086
628,1.064
629,0.865
630,1.164
631,0
632,0.899
633,0.88
634,1.065
635,0.713
636,0.983
637,0
638,1.094
639,1.279
640,0
641,1.08
642,0.634
643,0.637
644,0.101
645,1.782
646,1.527
647,1.858
648,1.63
649,1.188
650,1.984
651,1.666
652,2.037
653,2.285
654,2.16
655,1.97
656,1.642
657,0.713
658,1.452
659,1.849
660,0
661,2.025
662,0.19
663,1.243
664,1.649
665,1.426
666,1.51
667,1.714
668,0.734
669,0
670,0.883
671,0
672,0
673,0
674,1.101
675,0.006
676,1.173
677,0.312
678,0
679,0
680,1.391
681,0
682,0.141
683,0.126
684,1.472
685,0
686,1.187
687,0
688,0.255
689,0.026
690,1.447
691,0.934
692,1.559
693,2.033
694,1.75
695,2.151
696,1.937
697,0.909
698,0.729
699,1.295
700,1.24
701,1.829
702,1.531
703,1.347
704,1.625
705,1.385
706,1.487
707,1.309
708,1.402
709,1.167
710,0
711,0.938
712,0
713,0.468
714,0.612
715,0
716,0
717,0.006
718,0.637
719,0.057
720,1.441
721,0
722,2.027
723,1.145
724,1.468
725,1.43
726,0.856
727,0.837
728,1.596
729,0
730,0
731,0.286
732,0.634
733,0.628
734,0.011
735,0
736,0.016
737,0.709
738,0.01
739,1.416
740,0.723
741,1.314
742,0.93
743,1.568
744,0.711
745,0.069
746,0.689
747,0.642
748,1.123
749,0.015
750,0.663
751,0
752,0.616
753,1.155
754,0.641
755,1.144
756,0.949
757,0.917
758,0.041
759,0
760,0.857
761,1.515
762,0
763,0
764,0
765,0
766,1.103
767,1.099
768,1.632
769,0.708
770,1.569
771,1.799
772,1.346
773,1.411
774,2.108
775,0
776,0.25
777,1.564
778,1.65
779,1.219
780,1.075
781,0.254
782,1.428
783,0.777
784,0
785,1.873
786,0.913
787,1.201
788,1.276
789,0.006
790,1.226
791,0.006
792,0.901
793,1.843
794,1.922
795,1.597
796,1.16
797,1.76
798,1.827
799,1.894
800,1.676
801,1.127
802,1.597
803,1.077
804,0
805,0.741
806,0.075
807,0.962
808,0.632
809,0.969
810,0
811,0.051
812,0.586
813,0.609
814,0.928
815,0.077
816,1.091
817,0
818,0.006
819,0.123
820,0.94
821,0.006
822,1.347
823,1.229
824,1.622
825,0
826,2.178
827,1.893
828,1.463
829,1.826
830,1.43
831,0.709
832,0.988
833,0.779
834,2.094
835,1.991
836,1.94
837,2.055
838,1.158
839,1.086
840,1.63
841,1.619
842,1.671
843,1.871
844,1.83
845,0.724
846,0.662
847,1.086
848,1.987
849,1.462
850,1.067
851,1.452
